
/home/ducthuan/RICSVTutorial/RISCVTutorial/fpga/sw/TRNG_DRBG/build/main.elf:     file format elf64-littleriscv


Disassembly of section .text:

0000000080000000 <_prog_start>:
  .section .text.init
  .option norvc
  .globl _prog_start
_prog_start:
  // perform boot if hart_0, otherwise sleep
  csrr s0, mhartid
    80000000:	f1402473          	csrr	s0,mhartid
  bne s0, zero, _stop
    80000004:	02041663          	bnez	s0,80000030 <_stop>
  csrw mie, s2
    80000008:	30491073          	csrw	mie,s2
  li sp, (PAYLOAD_DEST + 0x3ff0)
    8000000c:	00020137          	lui	sp,0x20
    80000010:	0011011b          	addiw	sp,sp,1 # 20001 <_prog_start-0x7ffdffff>
    80000014:	00e11113          	slli	sp,sp,0xe
    80000018:	ff010113          	addi	sp,sp,-16
  csrr a0, mhartid
    8000001c:	f1402573          	csrr	a0,mhartid
  call main
    80000020:	658000ef          	jal	ra,80000678 <main>
  li s1, MEMORY_MEM_ADDR
    80000024:	0010049b          	addiw	s1,zero,1
    80000028:	01f49493          	slli	s1,s1,0x1f
  jr s1
    8000002c:	00048067          	jr	s1

0000000080000030 <_stop>:
_stop:
  wfi
    80000030:	10500073          	wfi

0000000080000034 <_loopback>:
_loopback:
  j _loopback
    80000034:	0000006f          	j	80000034 <_loopback>

0000000080000038 <kputc>:
  #define UART_CTRL_ADDR _UART_CTRL_ADDR(UART_NUM)
#endif
static volatile uint32_t * const uart = (void *)(UART_CTRL_ADDR);

static inline void kputc(char c)
{
    80000038:	7179                	addi	sp,sp,-48
    8000003a:	f422                	sd	s0,40(sp)
    8000003c:	1800                	addi	s0,sp,48
    8000003e:	87aa                	mv	a5,a0
    80000040:	fcf40fa3          	sb	a5,-33(s0)
	volatile uint32_t *tx = &REG32(uart, UART_REG_TXFIFO);
    80000044:	640007b7          	lui	a5,0x64000
    80000048:	fef43423          	sd	a5,-24(s0)
#ifdef __riscv_atomic
	int32_t r;
	do {
		__asm__ __volatile__ (
    8000004c:	fe843703          	ld	a4,-24(s0)
    80000050:	fdf44783          	lbu	a5,-33(s0)
    80000054:	86be                	mv	a3,a5
    80000056:	fe843783          	ld	a5,-24(s0)
    8000005a:	40d727af          	amoor.w	a5,a3,(a4)
    8000005e:	fef42223          	sw	a5,-28(s0)
			"amoor.w %0, %2, %1\n"
			: "=r" (r), "+A" (*tx)
			: "r" (c));
	} while (r < 0);
    80000062:	fe442783          	lw	a5,-28(s0)
    80000066:	2781                	sext.w	a5,a5
    80000068:	fe07c2e3          	bltz	a5,8000004c <kputc+0x14>
#else
	while ((int32_t)(*tx) < 0);
	*tx = c;
#endif
}
    8000006c:	0001                	nop
    8000006e:	0001                	nop
    80000070:	7422                	ld	s0,40(sp)
    80000072:	6145                	addi	sp,sp,48
    80000074:	8082                	ret

0000000080000076 <_kputs>:
#include <stdbool.h>

#include "kprintf.h"

static inline void _kputs(const char *s)
{
    80000076:	7179                	addi	sp,sp,-48
    80000078:	f406                	sd	ra,40(sp)
    8000007a:	f022                	sd	s0,32(sp)
    8000007c:	1800                	addi	s0,sp,48
    8000007e:	fca43c23          	sd	a0,-40(s0)
	char c;
	for (; (c = *s) != '\0'; s++)
    80000082:	a819                	j	80000098 <_kputs+0x22>
		kputc(c);
    80000084:	fef44783          	lbu	a5,-17(s0)
    80000088:	853e                	mv	a0,a5
    8000008a:	fafff0ef          	jal	ra,80000038 <kputc>
	for (; (c = *s) != '\0'; s++)
    8000008e:	fd843783          	ld	a5,-40(s0)
    80000092:	0785                	addi	a5,a5,1 # 64000001 <_prog_start-0x1bffffff>
    80000094:	fcf43c23          	sd	a5,-40(s0)
    80000098:	fd843783          	ld	a5,-40(s0)
    8000009c:	0007c783          	lbu	a5,0(a5)
    800000a0:	fef407a3          	sb	a5,-17(s0)
    800000a4:	fef44783          	lbu	a5,-17(s0)
    800000a8:	0ff7f793          	zext.b	a5,a5
    800000ac:	ffe1                	bnez	a5,80000084 <_kputs+0xe>
}
    800000ae:	0001                	nop
    800000b0:	0001                	nop
    800000b2:	70a2                	ld	ra,40(sp)
    800000b4:	7402                	ld	s0,32(sp)
    800000b6:	6145                	addi	sp,sp,48
    800000b8:	8082                	ret

00000000800000ba <kputs>:

void kputs(const char *s)
{
    800000ba:	1101                	addi	sp,sp,-32
    800000bc:	ec06                	sd	ra,24(sp)
    800000be:	e822                	sd	s0,16(sp)
    800000c0:	1000                	addi	s0,sp,32
    800000c2:	fea43423          	sd	a0,-24(s0)
	_kputs(s);
    800000c6:	fe843503          	ld	a0,-24(s0)
    800000ca:	fadff0ef          	jal	ra,80000076 <_kputs>
	kputc('\r');
    800000ce:	4535                	li	a0,13
    800000d0:	f69ff0ef          	jal	ra,80000038 <kputc>
	kputc('\n');
    800000d4:	4529                	li	a0,10
    800000d6:	f63ff0ef          	jal	ra,80000038 <kputc>
}
    800000da:	0001                	nop
    800000dc:	60e2                	ld	ra,24(sp)
    800000de:	6442                	ld	s0,16(sp)
    800000e0:	6105                	addi	sp,sp,32
    800000e2:	8082                	ret

00000000800000e4 <kprintf>:

void kprintf(const char *fmt, ...)
{
    800000e4:	7119                	addi	sp,sp,-128
    800000e6:	fc06                	sd	ra,56(sp)
    800000e8:	f822                	sd	s0,48(sp)
    800000ea:	0080                	addi	s0,sp,64
    800000ec:	fca43423          	sd	a0,-56(s0)
    800000f0:	e40c                	sd	a1,8(s0)
    800000f2:	e810                	sd	a2,16(s0)
    800000f4:	ec14                	sd	a3,24(s0)
    800000f6:	f018                	sd	a4,32(s0)
    800000f8:	f41c                	sd	a5,40(s0)
    800000fa:	03043823          	sd	a6,48(s0)
    800000fe:	03143c23          	sd	a7,56(s0)
    va_list vl;
    bool is_format = false;
    80000102:	fe0407a3          	sb	zero,-17(s0)
    bool is_long = false;
    80000106:	fe040723          	sb	zero,-18(s0)
    char c;

    va_start(vl, fmt);
    8000010a:	04040793          	addi	a5,s0,64
    8000010e:	fcf43023          	sd	a5,-64(s0)
    80000112:	fc043783          	ld	a5,-64(s0)
    80000116:	fc878793          	addi	a5,a5,-56
    8000011a:	fcf43823          	sd	a5,-48(s0)

    while ((c = *fmt++) != '\0') {
    8000011e:	a249                	j	800002a0 <kprintf+0x1bc>
        if (is_format) {
    80000120:	fef44783          	lbu	a5,-17(s0)
    80000124:	0ff7f793          	zext.b	a5,a5
    80000128:	14078b63          	beqz	a5,8000027e <kprintf+0x19a>
            switch (c) {
    8000012c:	fda44783          	lbu	a5,-38(s0)
    80000130:	2781                	sext.w	a5,a5
    80000132:	86be                	mv	a3,a5
    80000134:	07800713          	li	a4,120
    80000138:	02e68f63          	beq	a3,a4,80000176 <kprintf+0x92>
    8000013c:	86be                	mv	a3,a5
    8000013e:	07800713          	li	a4,120
    80000142:	12d74963          	blt	a4,a3,80000274 <kprintf+0x190>
    80000146:	86be                	mv	a3,a5
    80000148:	07300713          	li	a4,115
    8000014c:	0ee68c63          	beq	a3,a4,80000244 <kprintf+0x160>
    80000150:	86be                	mv	a3,a5
    80000152:	07300713          	li	a4,115
    80000156:	10d74f63          	blt	a4,a3,80000274 <kprintf+0x190>
    8000015a:	86be                	mv	a3,a5
    8000015c:	06300713          	li	a4,99
    80000160:	0ee68d63          	beq	a3,a4,8000025a <kprintf+0x176>
    80000164:	873e                	mv	a4,a5
    80000166:	06c00793          	li	a5,108
    8000016a:	10f71563          	bne	a4,a5,80000274 <kprintf+0x190>
            case 'l':
                is_long = true;
    8000016e:	4785                	li	a5,1
    80000170:	fef40723          	sb	a5,-18(s0)
                continue;
    80000174:	a235                	j	800002a0 <kprintf+0x1bc>

            case 'x': {
                uint64_t n;
                int i;
                bool started = false;
    80000176:	fc040da3          	sb	zero,-37(s0)

                if (is_long)
    8000017a:	fee44783          	lbu	a5,-18(s0)
    8000017e:	0ff7f793          	zext.b	a5,a5
    80000182:	cb99                	beqz	a5,80000198 <kprintf+0xb4>
                    n = va_arg(vl, uint64_t);
    80000184:	fd043783          	ld	a5,-48(s0)
    80000188:	00878713          	addi	a4,a5,8
    8000018c:	fce43823          	sd	a4,-48(s0)
    80000190:	639c                	ld	a5,0(a5)
    80000192:	fef43023          	sd	a5,-32(s0)
    80000196:	a821                	j	800001ae <kprintf+0xca>
                else
                    n = va_arg(vl, uint32_t);
    80000198:	fd043783          	ld	a5,-48(s0)
    8000019c:	00878713          	addi	a4,a5,8
    800001a0:	fce43823          	sd	a4,-48(s0)
    800001a4:	439c                	lw	a5,0(a5)
    800001a6:	1782                	slli	a5,a5,0x20
    800001a8:	9381                	srli	a5,a5,0x20
    800001aa:	fef43023          	sd	a5,-32(s0)

                for (i = (is_long ? 60 : 28); i >= 0; i -= 4) {
    800001ae:	fee44783          	lbu	a5,-18(s0)
    800001b2:	0ff7f793          	zext.b	a5,a5
    800001b6:	c781                	beqz	a5,800001be <kprintf+0xda>
    800001b8:	03c00793          	li	a5,60
    800001bc:	a011                	j	800001c0 <kprintf+0xdc>
    800001be:	47f1                	li	a5,28
    800001c0:	fcf42e23          	sw	a5,-36(s0)
    800001c4:	a895                	j	80000238 <kprintf+0x154>
                    uint8_t d = (n >> i) & 0xF;
    800001c6:	fdc42783          	lw	a5,-36(s0)
    800001ca:	873e                	mv	a4,a5
    800001cc:	fe043783          	ld	a5,-32(s0)
    800001d0:	00e7d7b3          	srl	a5,a5,a4
    800001d4:	0ff7f793          	zext.b	a5,a5
    800001d8:	8bbd                	andi	a5,a5,15
    800001da:	fcf40ca3          	sb	a5,-39(s0)
                    if (d || started || i == 0) {
    800001de:	fd944783          	lbu	a5,-39(s0)
    800001e2:	0ff7f793          	zext.b	a5,a5
    800001e6:	eb91                	bnez	a5,800001fa <kprintf+0x116>
    800001e8:	fdb44783          	lbu	a5,-37(s0)
    800001ec:	0ff7f793          	zext.b	a5,a5
    800001f0:	e789                	bnez	a5,800001fa <kprintf+0x116>
    800001f2:	fdc42783          	lw	a5,-36(s0)
    800001f6:	2781                	sext.w	a5,a5
    800001f8:	eb9d                	bnez	a5,8000022e <kprintf+0x14a>
                        kputc(d < 10 ? '0' + d : 'a' + d - 10);
    800001fa:	fd944783          	lbu	a5,-39(s0)
    800001fe:	0ff7f713          	zext.b	a4,a5
    80000202:	47a5                	li	a5,9
    80000204:	00e7e963          	bltu	a5,a4,80000216 <kprintf+0x132>
    80000208:	fd944783          	lbu	a5,-39(s0)
    8000020c:	0307879b          	addiw	a5,a5,48
    80000210:	0ff7f793          	zext.b	a5,a5
    80000214:	a039                	j	80000222 <kprintf+0x13e>
    80000216:	fd944783          	lbu	a5,-39(s0)
    8000021a:	0577879b          	addiw	a5,a5,87
    8000021e:	0ff7f793          	zext.b	a5,a5
    80000222:	853e                	mv	a0,a5
    80000224:	e15ff0ef          	jal	ra,80000038 <kputc>
                        started = true;
    80000228:	4785                	li	a5,1
    8000022a:	fcf40da3          	sb	a5,-37(s0)
                for (i = (is_long ? 60 : 28); i >= 0; i -= 4) {
    8000022e:	fdc42783          	lw	a5,-36(s0)
    80000232:	37f1                	addiw	a5,a5,-4
    80000234:	fcf42e23          	sw	a5,-36(s0)
    80000238:	fdc42783          	lw	a5,-36(s0)
    8000023c:	2781                	sext.w	a5,a5
    8000023e:	f807d4e3          	bgez	a5,800001c6 <kprintf+0xe2>
                    }
                }
                break;
    80000242:	a80d                	j	80000274 <kprintf+0x190>
            }

            case 's':
                _kputs(va_arg(vl, const char *));
    80000244:	fd043783          	ld	a5,-48(s0)
    80000248:	00878713          	addi	a4,a5,8
    8000024c:	fce43823          	sd	a4,-48(s0)
    80000250:	639c                	ld	a5,0(a5)
    80000252:	853e                	mv	a0,a5
    80000254:	e23ff0ef          	jal	ra,80000076 <_kputs>
                break;
    80000258:	a831                	j	80000274 <kprintf+0x190>

            case 'c':
                kputc(va_arg(vl, int));
    8000025a:	fd043783          	ld	a5,-48(s0)
    8000025e:	00878713          	addi	a4,a5,8
    80000262:	fce43823          	sd	a4,-48(s0)
    80000266:	439c                	lw	a5,0(a5)
    80000268:	0ff7f793          	zext.b	a5,a5
    8000026c:	853e                	mv	a0,a5
    8000026e:	dcbff0ef          	jal	ra,80000038 <kputc>
                break;
    80000272:	0001                	nop
            }

            is_format = false;
    80000274:	fe0407a3          	sb	zero,-17(s0)
            is_long = false;
    80000278:	fe040723          	sb	zero,-18(s0)
    8000027c:	a015                	j	800002a0 <kprintf+0x1bc>
        }
        else if (c == '%') {
    8000027e:	fda44783          	lbu	a5,-38(s0)
    80000282:	0ff7f713          	zext.b	a4,a5
    80000286:	02500793          	li	a5,37
    8000028a:	00f71663          	bne	a4,a5,80000296 <kprintf+0x1b2>
            is_format = true;
    8000028e:	4785                	li	a5,1
    80000290:	fef407a3          	sb	a5,-17(s0)
    80000294:	a031                	j	800002a0 <kprintf+0x1bc>
        }
        else {
            kputc(c);
    80000296:	fda44783          	lbu	a5,-38(s0)
    8000029a:	853e                	mv	a0,a5
    8000029c:	d9dff0ef          	jal	ra,80000038 <kputc>
    while ((c = *fmt++) != '\0') {
    800002a0:	fc843783          	ld	a5,-56(s0)
    800002a4:	00178713          	addi	a4,a5,1
    800002a8:	fce43423          	sd	a4,-56(s0)
    800002ac:	0007c783          	lbu	a5,0(a5)
    800002b0:	fcf40d23          	sb	a5,-38(s0)
    800002b4:	fda44783          	lbu	a5,-38(s0)
    800002b8:	0ff7f793          	zext.b	a5,a5
    800002bc:	e60792e3          	bnez	a5,80000120 <kprintf+0x3c>
        }
    }

    va_end(vl);
}
    800002c0:	0001                	nop
    800002c2:	0001                	nop
    800002c4:	70e2                	ld	ra,56(sp)
    800002c6:	7442                	ld	s0,48(sp)
    800002c8:	6109                	addi	sp,sp,128
    800002ca:	8082                	ret

00000000800002cc <drbg_reset>:
#define MODE_TRNG       0x00
#define MODE_TRNG_DRBG  0x02
#define MODE_CPU_DRBG   0x01
#define MODE_GEN_NXT    0x03
  
void drbg_reset(void *drbgCtrl){
    800002cc:	7179                	addi	sp,sp,-48
    800002ce:	f422                	sd	s0,40(sp)
    800002d0:	1800                	addi	s0,sp,48
    800002d2:	fca43c23          	sd	a0,-40(s0)
//    _REG64((char *)drbgCtrl, REG_ENABLE)     = 0x0000000000000000;
//    _REG64((char *)drbgCtrl, REG_WRITE_DONE) = 0x0000000000000000;
//    _REG64((char *)drbgCtrl, REG_DATA_IN)    = 0x0000000000000000;
//    _REG64((char *)drbgCtrl, REG_MODE)  = 0x0000000000000000;
//    _REG64((char *)drbgCtrl, REG_START) = 0x0000000000000000;
    _REG64((char *)drbgCtrl, REG_RESET) = 0x0000000000000001;
    800002d6:	fd843783          	ld	a5,-40(s0)
    800002da:	04878793          	addi	a5,a5,72
    800002de:	4705                	li	a4,1
    800002e0:	e398                	sd	a4,0(a5)
    for(int i = 0; i < 1000; i++){};
    800002e2:	fe042623          	sw	zero,-20(s0)
    800002e6:	a031                	j	800002f2 <drbg_reset+0x26>
    800002e8:	fec42783          	lw	a5,-20(s0)
    800002ec:	2785                	addiw	a5,a5,1
    800002ee:	fef42623          	sw	a5,-20(s0)
    800002f2:	fec42783          	lw	a5,-20(s0)
    800002f6:	0007871b          	sext.w	a4,a5
    800002fa:	3e700793          	li	a5,999
    800002fe:	fee7d5e3          	bge	a5,a4,800002e8 <drbg_reset+0x1c>
    _REG64((char *)drbgCtrl, REG_RESET) = 0x0000000000000000;
    80000302:	fd843783          	ld	a5,-40(s0)
    80000306:	04878793          	addi	a5,a5,72
    8000030a:	0007b023          	sd	zero,0(a5)
}
    8000030e:	0001                	nop
    80000310:	7422                	ld	s0,40(sp)
    80000312:	6145                	addi	sp,sp,48
    80000314:	8082                	ret

0000000080000316 <drbg_read_data>:

uint64_t drbg_read_data(void *drbgCtrl, uint8_t addr) {
    80000316:	7179                	addi	sp,sp,-48
    80000318:	f422                	sd	s0,40(sp)
    8000031a:	1800                	addi	s0,sp,48
    8000031c:	fca43c23          	sd	a0,-40(s0)
    80000320:	87ae                	mv	a5,a1
    80000322:	fcf40ba3          	sb	a5,-41(s0)
   uint64_t read_data;
   _REG64((char *)drbgCtrl, REG_ADDRESS) = addr;
    80000326:	fd843783          	ld	a5,-40(s0)
    8000032a:	07e1                	addi	a5,a5,24
    8000032c:	fd744703          	lbu	a4,-41(s0)
    80000330:	e398                	sd	a4,0(a5)
   for (uint8_t i = 0; i < 100; i++){}; // delay
    80000332:	fe0407a3          	sb	zero,-17(s0)
    80000336:	a031                	j	80000342 <drbg_read_data+0x2c>
    80000338:	fef44783          	lbu	a5,-17(s0)
    8000033c:	2785                	addiw	a5,a5,1
    8000033e:	fef407a3          	sb	a5,-17(s0)
    80000342:	fef44783          	lbu	a5,-17(s0)
    80000346:	0ff7f713          	zext.b	a4,a5
    8000034a:	06300793          	li	a5,99
    8000034e:	fee7f5e3          	bgeu	a5,a4,80000338 <drbg_read_data+0x22>
   read_data = _REG64((char *)drbgCtrl, REG_DATA_OUT);
    80000352:	fd843783          	ld	a5,-40(s0)
    80000356:	03878793          	addi	a5,a5,56
    8000035a:	639c                	ld	a5,0(a5)
    8000035c:	fef43023          	sd	a5,-32(s0)
   return read_data;
    80000360:	fe043783          	ld	a5,-32(s0)
}
    80000364:	853e                	mv	a0,a5
    80000366:	7422                	ld	s0,40(sp)
    80000368:	6145                	addi	sp,sp,48
    8000036a:	8082                	ret

000000008000036c <drbg_write_data>:

void drbg_write_data(void *drbgCtrl, uint8_t addr, uint64_t data){
    8000036c:	7179                	addi	sp,sp,-48
    8000036e:	f422                	sd	s0,40(sp)
    80000370:	1800                	addi	s0,sp,48
    80000372:	fea43423          	sd	a0,-24(s0)
    80000376:	87ae                	mv	a5,a1
    80000378:	fcc43c23          	sd	a2,-40(s0)
    8000037c:	fef403a3          	sb	a5,-25(s0)
   _REG64((char *)drbgCtrl, REG_ADDRESS) = addr;
    80000380:	fe843783          	ld	a5,-24(s0)
    80000384:	07e1                	addi	a5,a5,24
    80000386:	fe744703          	lbu	a4,-25(s0)
    8000038a:	e398                	sd	a4,0(a5)
   _REG64((char *)drbgCtrl, REG_DATA_IN) = data;
    8000038c:	fe843783          	ld	a5,-24(s0)
    80000390:	02078793          	addi	a5,a5,32
    80000394:	fd843703          	ld	a4,-40(s0)
    80000398:	e398                	sd	a4,0(a5)
   _REG64((char *)drbgCtrl, REG_ENABLE)     = 0x0000000000000001;
    8000039a:	fe843783          	ld	a5,-24(s0)
    8000039e:	07a1                	addi	a5,a5,8
    800003a0:	4705                	li	a4,1
    800003a2:	e398                	sd	a4,0(a5)
   _REG64((char *)drbgCtrl, REG_ENABLE)     = 0x0000000000000000;
    800003a4:	fe843783          	ld	a5,-24(s0)
    800003a8:	07a1                	addi	a5,a5,8
    800003aa:	0007b023          	sd	zero,0(a5)
}
    800003ae:	0001                	nop
    800003b0:	7422                	ld	s0,40(sp)
    800003b2:	6145                	addi	sp,sp,48
    800003b4:	8082                	ret

00000000800003b6 <drbg_wait_done>:

int drbg_wait_done(void *drbgCtrl)
{
    800003b6:	1101                	addi	sp,sp,-32
    800003b8:	ec22                	sd	s0,24(sp)
    800003ba:	1000                	addi	s0,sp,32
    800003bc:	fea43423          	sd	a0,-24(s0)
    if(_REG64((char *)drbgCtrl, REG_DONE) == 0x0000000000000001){
    800003c0:	fe843783          	ld	a5,-24(s0)
    800003c4:	04078793          	addi	a5,a5,64
    800003c8:	6398                	ld	a4,0(a5)
    800003ca:	4785                	li	a5,1
    800003cc:	00f71463          	bne	a4,a5,800003d4 <drbg_wait_done+0x1e>
        return 0;
    800003d0:	4781                	li	a5,0
    800003d2:	a011                	j	800003d6 <drbg_wait_done+0x20>
    }else{
        return -1;
    800003d4:	57fd                	li	a5,-1
    }
}
    800003d6:	853e                	mv	a0,a5
    800003d8:	6462                	ld	s0,24(sp)
    800003da:	6105                	addi	sp,sp,32
    800003dc:	8082                	ret

00000000800003de <test_trng>:

void test_trng(void *drbgCtrl, uint64_t *rns){
    800003de:	7139                	addi	sp,sp,-64
    800003e0:	fc06                	sd	ra,56(sp)
    800003e2:	f822                	sd	s0,48(sp)
    800003e4:	f426                	sd	s1,40(sp)
    800003e6:	0080                	addi	s0,sp,64
    800003e8:	fca43423          	sd	a0,-56(s0)
    800003ec:	fcb43023          	sd	a1,-64(s0)
    drbg_reset(drbgCtrl);
    800003f0:	fc843503          	ld	a0,-56(s0)
    800003f4:	ed9ff0ef          	jal	ra,800002cc <drbg_reset>
    kprintf("TESTING READING SEED FROM TRNG\r\n");
    800003f8:	00000517          	auipc	a0,0x0
    800003fc:	33850513          	addi	a0,a0,824 # 80000730 <drbgCtrl+0x8>
    80000400:	ce5ff0ef          	jal	ra,800000e4 <kprintf>
    _REG64((char *)drbgCtrl, REG_MODE)   = 0x0000000000000000;
    80000404:	fc843783          	ld	a5,-56(s0)
    80000408:	03078793          	addi	a5,a5,48
    8000040c:	0007b023          	sd	zero,0(a5)
    _REG64((char *)drbgCtrl, REG_START)  = 0x0000000000000001;
    80000410:	fc843783          	ld	a5,-56(s0)
    80000414:	02878793          	addi	a5,a5,40
    80000418:	4705                	li	a4,1
    8000041a:	e398                	sd	a4,0(a5)
    _REG64((char *)drbgCtrl, REG_START)  = 0x0000000000000000;
    8000041c:	fc843783          	ld	a5,-56(s0)
    80000420:	02878793          	addi	a5,a5,40
    80000424:	0007b023          	sd	zero,0(a5)
    while(drbg_wait_done(drbgCtrl)){};
    80000428:	0001                	nop
    8000042a:	fc843503          	ld	a0,-56(s0)
    8000042e:	f89ff0ef          	jal	ra,800003b6 <drbg_wait_done>
    80000432:	87aa                	mv	a5,a0
    80000434:	fbfd                	bnez	a5,8000042a <test_trng+0x4c>
    for (uint8_t i = 0; i < 8; i++){
    80000436:	fc040fa3          	sb	zero,-33(s0)
    8000043a:	a081                	j	8000047a <test_trng+0x9c>
        kprintf("Reading index %x...\r\n", i);
    8000043c:	fdf44783          	lbu	a5,-33(s0)
    80000440:	2781                	sext.w	a5,a5
    80000442:	85be                	mv	a1,a5
    80000444:	00000517          	auipc	a0,0x0
    80000448:	31450513          	addi	a0,a0,788 # 80000758 <drbgCtrl+0x30>
    8000044c:	c99ff0ef          	jal	ra,800000e4 <kprintf>
        rns[i] = drbg_read_data(drbgCtrl, i);
    80000450:	fdf44783          	lbu	a5,-33(s0)
    80000454:	078e                	slli	a5,a5,0x3
    80000456:	fc043703          	ld	a4,-64(s0)
    8000045a:	00f704b3          	add	s1,a4,a5
    8000045e:	fdf44783          	lbu	a5,-33(s0)
    80000462:	85be                	mv	a1,a5
    80000464:	fc843503          	ld	a0,-56(s0)
    80000468:	eafff0ef          	jal	ra,80000316 <drbg_read_data>
    8000046c:	87aa                	mv	a5,a0
    8000046e:	e09c                	sd	a5,0(s1)
    for (uint8_t i = 0; i < 8; i++){
    80000470:	fdf44783          	lbu	a5,-33(s0)
    80000474:	2785                	addiw	a5,a5,1
    80000476:	fcf40fa3          	sb	a5,-33(s0)
    8000047a:	fdf44783          	lbu	a5,-33(s0)
    8000047e:	0ff7f713          	zext.b	a4,a5
    80000482:	479d                	li	a5,7
    80000484:	fae7fce3          	bgeu	a5,a4,8000043c <test_trng+0x5e>
    }
    for (uint8_t i = 0; i < 8; i++){
    80000488:	fc040f23          	sb	zero,-34(s0)
    8000048c:	a80d                	j	800004be <test_trng+0xe0>
        kprintf("Random seed [%x] is: 0x%lx\r\n",i, rns[i]);
    8000048e:	fde44783          	lbu	a5,-34(s0)
    80000492:	0007869b          	sext.w	a3,a5
    80000496:	fde44783          	lbu	a5,-34(s0)
    8000049a:	078e                	slli	a5,a5,0x3
    8000049c:	fc043703          	ld	a4,-64(s0)
    800004a0:	97ba                	add	a5,a5,a4
    800004a2:	639c                	ld	a5,0(a5)
    800004a4:	863e                	mv	a2,a5
    800004a6:	85b6                	mv	a1,a3
    800004a8:	00000517          	auipc	a0,0x0
    800004ac:	2c850513          	addi	a0,a0,712 # 80000770 <drbgCtrl+0x48>
    800004b0:	c35ff0ef          	jal	ra,800000e4 <kprintf>
    for (uint8_t i = 0; i < 8; i++){
    800004b4:	fde44783          	lbu	a5,-34(s0)
    800004b8:	2785                	addiw	a5,a5,1
    800004ba:	fcf40f23          	sb	a5,-34(s0)
    800004be:	fde44783          	lbu	a5,-34(s0)
    800004c2:	0ff7f713          	zext.b	a4,a5
    800004c6:	479d                	li	a5,7
    800004c8:	fce7f3e3          	bgeu	a5,a4,8000048e <test_trng+0xb0>
    }
}
    800004cc:	0001                	nop
    800004ce:	0001                	nop
    800004d0:	70e2                	ld	ra,56(sp)
    800004d2:	7442                	ld	s0,48(sp)
    800004d4:	74a2                	ld	s1,40(sp)
    800004d6:	6121                	addi	sp,sp,64
    800004d8:	8082                	ret

00000000800004da <test_write_data>:

void test_write_data(void *drbgCtrl, uint64_t *seed, uint64_t *rns){
    800004da:	715d                	addi	sp,sp,-80
    800004dc:	e486                	sd	ra,72(sp)
    800004de:	e0a2                	sd	s0,64(sp)
    800004e0:	fc26                	sd	s1,56(sp)
    800004e2:	0880                	addi	s0,sp,80
    800004e4:	fca43423          	sd	a0,-56(s0)
    800004e8:	fcb43023          	sd	a1,-64(s0)
    800004ec:	fac43c23          	sd	a2,-72(s0)
    drbg_reset(drbgCtrl);
    800004f0:	fc843503          	ld	a0,-56(s0)
    800004f4:	dd9ff0ef          	jal	ra,800002cc <drbg_reset>
    kprintf("TESTING WRITING SEED TO REGS\r\n");
    800004f8:	00000517          	auipc	a0,0x0
    800004fc:	29850513          	addi	a0,a0,664 # 80000790 <drbgCtrl+0x68>
    80000500:	be5ff0ef          	jal	ra,800000e4 <kprintf>
    _REG64((char *)drbgCtrl, REG_MODE)   = 0x0000000000000001;
    80000504:	fc843783          	ld	a5,-56(s0)
    80000508:	03078793          	addi	a5,a5,48
    8000050c:	4705                	li	a4,1
    8000050e:	e398                	sd	a4,0(a5)
    _REG64((char *)drbgCtrl, REG_START)  = 0x0000000000000001;
    80000510:	fc843783          	ld	a5,-56(s0)
    80000514:	02878793          	addi	a5,a5,40
    80000518:	4705                	li	a4,1
    8000051a:	e398                	sd	a4,0(a5)
    for (uint8_t i = 0; i < 100; i++){};
    8000051c:	fc040fa3          	sb	zero,-33(s0)
    80000520:	a031                	j	8000052c <test_write_data+0x52>
    80000522:	fdf44783          	lbu	a5,-33(s0)
    80000526:	2785                	addiw	a5,a5,1
    80000528:	fcf40fa3          	sb	a5,-33(s0)
    8000052c:	fdf44783          	lbu	a5,-33(s0)
    80000530:	0ff7f713          	zext.b	a4,a5
    80000534:	06300793          	li	a5,99
    80000538:	fee7f5e3          	bgeu	a5,a4,80000522 <test_write_data+0x48>
    _REG64((char *)drbgCtrl, REG_START)  = 0x0000000000000000;
    8000053c:	fc843783          	ld	a5,-56(s0)
    80000540:	02878793          	addi	a5,a5,40
    80000544:	0007b023          	sd	zero,0(a5)
    for (uint8_t i = 0; i < 6; i++){
    80000548:	fc040f23          	sb	zero,-34(s0)
    8000054c:	a02d                	j	80000576 <test_write_data+0x9c>
        drbg_write_data(drbgCtrl, i, seed[i]);
    8000054e:	fde44783          	lbu	a5,-34(s0)
    80000552:	078e                	slli	a5,a5,0x3
    80000554:	fc043703          	ld	a4,-64(s0)
    80000558:	97ba                	add	a5,a5,a4
    8000055a:	6398                	ld	a4,0(a5)
    8000055c:	fde44783          	lbu	a5,-34(s0)
    80000560:	863a                	mv	a2,a4
    80000562:	85be                	mv	a1,a5
    80000564:	fc843503          	ld	a0,-56(s0)
    80000568:	e05ff0ef          	jal	ra,8000036c <drbg_write_data>
    for (uint8_t i = 0; i < 6; i++){
    8000056c:	fde44783          	lbu	a5,-34(s0)
    80000570:	2785                	addiw	a5,a5,1
    80000572:	fcf40f23          	sb	a5,-34(s0)
    80000576:	fde44783          	lbu	a5,-34(s0)
    8000057a:	0ff7f713          	zext.b	a4,a5
    8000057e:	4795                	li	a5,5
    80000580:	fce7f7e3          	bgeu	a5,a4,8000054e <test_write_data+0x74>
    }
    _REG64((char *)drbgCtrl, REG_WRITE_DONE)  = 0x0000000000000001;
    80000584:	fc843783          	ld	a5,-56(s0)
    80000588:	07c1                	addi	a5,a5,16
    8000058a:	4705                	li	a4,1
    8000058c:	e398                	sd	a4,0(a5)
    for (uint8_t i = 0; i < 100; i++){};
    8000058e:	fc040ea3          	sb	zero,-35(s0)
    80000592:	a031                	j	8000059e <test_write_data+0xc4>
    80000594:	fdd44783          	lbu	a5,-35(s0)
    80000598:	2785                	addiw	a5,a5,1
    8000059a:	fcf40ea3          	sb	a5,-35(s0)
    8000059e:	fdd44783          	lbu	a5,-35(s0)
    800005a2:	0ff7f713          	zext.b	a4,a5
    800005a6:	06300793          	li	a5,99
    800005aa:	fee7f5e3          	bgeu	a5,a4,80000594 <test_write_data+0xba>
    _REG64((char *)drbgCtrl, REG_WRITE_DONE)  = 0x0000000000000000;
    800005ae:	fc843783          	ld	a5,-56(s0)
    800005b2:	07c1                	addi	a5,a5,16
    800005b4:	0007b023          	sd	zero,0(a5)
    while(drbg_wait_done(drbgCtrl)){};
    800005b8:	0001                	nop
    800005ba:	fc843503          	ld	a0,-56(s0)
    800005be:	df9ff0ef          	jal	ra,800003b6 <drbg_wait_done>
    800005c2:	87aa                	mv	a5,a0
    800005c4:	fbfd                	bnez	a5,800005ba <test_write_data+0xe0>
    for (uint8_t i = 0; i < 100; i++){};
    800005c6:	fc040e23          	sb	zero,-36(s0)
    800005ca:	a031                	j	800005d6 <test_write_data+0xfc>
    800005cc:	fdc44783          	lbu	a5,-36(s0)
    800005d0:	2785                	addiw	a5,a5,1
    800005d2:	fcf40e23          	sb	a5,-36(s0)
    800005d6:	fdc44783          	lbu	a5,-36(s0)
    800005da:	0ff7f713          	zext.b	a4,a5
    800005de:	06300793          	li	a5,99
    800005e2:	fee7f5e3          	bgeu	a5,a4,800005cc <test_write_data+0xf2>

    for (uint8_t i = 0; i < 4; i++){
    800005e6:	fc040da3          	sb	zero,-37(s0)
    800005ea:	a035                	j	80000616 <test_write_data+0x13c>
        rns[i] = drbg_read_data(drbgCtrl, i);
    800005ec:	fdb44783          	lbu	a5,-37(s0)
    800005f0:	078e                	slli	a5,a5,0x3
    800005f2:	fb843703          	ld	a4,-72(s0)
    800005f6:	00f704b3          	add	s1,a4,a5
    800005fa:	fdb44783          	lbu	a5,-37(s0)
    800005fe:	85be                	mv	a1,a5
    80000600:	fc843503          	ld	a0,-56(s0)
    80000604:	d13ff0ef          	jal	ra,80000316 <drbg_read_data>
    80000608:	87aa                	mv	a5,a0
    8000060a:	e09c                	sd	a5,0(s1)
    for (uint8_t i = 0; i < 4; i++){
    8000060c:	fdb44783          	lbu	a5,-37(s0)
    80000610:	2785                	addiw	a5,a5,1
    80000612:	fcf40da3          	sb	a5,-37(s0)
    80000616:	fdb44783          	lbu	a5,-37(s0)
    8000061a:	0ff7f713          	zext.b	a4,a5
    8000061e:	478d                	li	a5,3
    80000620:	fce7f6e3          	bgeu	a5,a4,800005ec <test_write_data+0x112>
    }
    kprintf("Random Seed is: 0x");
    80000624:	00000517          	auipc	a0,0x0
    80000628:	18c50513          	addi	a0,a0,396 # 800007b0 <drbgCtrl+0x88>
    8000062c:	ab9ff0ef          	jal	ra,800000e4 <kprintf>
    for (uint8_t i = 0; i < 4; i++){
    80000630:	fc040d23          	sb	zero,-38(s0)
    80000634:	a025                	j	8000065c <test_write_data+0x182>
        kprintf("%lx ",rns[i]);
    80000636:	fda44783          	lbu	a5,-38(s0)
    8000063a:	078e                	slli	a5,a5,0x3
    8000063c:	fb843703          	ld	a4,-72(s0)
    80000640:	97ba                	add	a5,a5,a4
    80000642:	639c                	ld	a5,0(a5)
    80000644:	85be                	mv	a1,a5
    80000646:	00000517          	auipc	a0,0x0
    8000064a:	18250513          	addi	a0,a0,386 # 800007c8 <drbgCtrl+0xa0>
    8000064e:	a97ff0ef          	jal	ra,800000e4 <kprintf>
    for (uint8_t i = 0; i < 4; i++){
    80000652:	fda44783          	lbu	a5,-38(s0)
    80000656:	2785                	addiw	a5,a5,1
    80000658:	fcf40d23          	sb	a5,-38(s0)
    8000065c:	fda44783          	lbu	a5,-38(s0)
    80000660:	0ff7f713          	zext.b	a4,a5
    80000664:	478d                	li	a5,3
    80000666:	fce7f8e3          	bgeu	a5,a4,80000636 <test_write_data+0x15c>
    }
}
    8000066a:	0001                	nop
    8000066c:	0001                	nop
    8000066e:	60a6                	ld	ra,72(sp)
    80000670:	6406                	ld	s0,64(sp)
    80000672:	74e2                	ld	s1,56(sp)
    80000674:	6161                	addi	sp,sp,80
    80000676:	8082                	ret

0000000080000678 <main>:
                    0xe8d766af1a6d3b14, 0x496f25b0f1301b4f, 0x501be30380a137eb};

uint64_t random_sequence[8];
uint64_t drbgCtrl = (uint64_t *)0x64004000;

int main(void){
    80000678:	1141                	addi	sp,sp,-16
    8000067a:	e406                	sd	ra,8(sp)
    8000067c:	e022                	sd	s0,0(sp)
    8000067e:	0800                	addi	s0,sp,16

//  test_trng(drbgCtrl, random_sequence);
test_write_data(drbgCtrl, seed, random_sequence);
    80000680:	00000797          	auipc	a5,0x0
    80000684:	0a878793          	addi	a5,a5,168 # 80000728 <drbgCtrl>
    80000688:	639c                	ld	a5,0(a5)
    8000068a:	00000617          	auipc	a2,0x0
    8000068e:	97660613          	addi	a2,a2,-1674 # 80000000 <_prog_start>
    80000692:	00000597          	auipc	a1,0x0
    80000696:	06658593          	addi	a1,a1,102 # 800006f8 <seed>
    8000069a:	853e                	mv	a0,a5
    8000069c:	e3fff0ef          	jal	ra,800004da <test_write_data>
//      for (uint8_t i = 0; i < 8; i++){
//          random_sequence[i] = drbg_read_data(drbgCtrl, i);
//          kprintf("Random seed [%x] is: 0x%lx\r\n",i, random_sequence[i]);
//      }

  while(1) {};
    800006a0:	0001                	nop
    800006a2:	bffd                	j	800006a0 <main+0x28>
	...

Disassembly of section .data:

00000000800006f8 <seed>:
uint64_t seed[6]={  0x36401940fa8b1fba, 0x91a1661f211d78a0, 0xb9389a74e5bccfec,
    800006f8:	1fba                	slli	t6,t6,0x2e
    800006fa:	1940fa8b          	.4byte	0x1940fa8b
    800006fe:	3640                	.2byte	0x3640
    80000700:	78a0                	ld	s0,112(s1)
    80000702:	211d                	addiw	sp,sp,7
    80000704:	661f 91a1 cfec      	.byte	0x1f, 0x66, 0xa1, 0x91, 0xec, 0xcf
    8000070a:	e5bc                	sd	a5,72(a1)
    8000070c:	9a74                	.2byte	0x9a74
    8000070e:	b938                	.2byte	0xb938
    80000710:	3b14                	.2byte	0x3b14
    80000712:	1a6d                	addi	s4,s4,-5
    80000714:	e8d766af          	.4byte	0xe8d766af
    80000718:	f1301b4f          	.4byte	0xf1301b4f
    8000071c:	25b0                	.2byte	0x25b0
    8000071e:	37eb496f          	jal	s2,800b4a9c <drbgCtrl+0xb4374>
    80000722:	80a1                	srli	s1,s1,0x8
    80000724:	501be303          	lwu	t1,1281(s7)

Disassembly of section .srodata:

00000000800006e8 <uart>:
static volatile uint32_t * const uart = (void *)(UART_CTRL_ADDR);
    800006e8:	0000                	unimp
    800006ea:	6400                	ld	s0,8(s0)
    800006ec:	0000                	unimp
	...

00000000800006f0 <uart>:
    800006f0:	0000                	unimp
    800006f2:	6400                	ld	s0,8(s0)
    800006f4:	0000                	unimp
	...

Disassembly of section .sdata:

0000000080000728 <drbgCtrl>:
uint64_t drbgCtrl = (uint64_t *)0x64004000;
    80000728:	4000                	lw	s0,0(s0)
    8000072a:	6400                	ld	s0,8(s0)
    8000072c:	0000                	unimp
	...

Disassembly of section .rodata:

0000000080000730 <.rodata>:
    80000730:	4554                	lw	a3,12(a0)
    80000732:	4e495453          	.4byte	0x4e495453
    80000736:	45522047          	.4byte	0x45522047
    8000073a:	4441                	li	s0,16
    8000073c:	4e49                	li	t3,18
    8000073e:	45532047          	.4byte	0x45532047
    80000742:	4445                	li	s0,17
    80000744:	4620                	lw	s0,72(a2)
    80000746:	4f52                	lw	t5,20(sp)
    80000748:	204d                	.2byte	0x204d
    8000074a:	5254                	lw	a3,36(a2)
    8000074c:	474e                	lw	a4,208(sp)
    8000074e:	0a0d                	addi	s4,s4,3
	...
    80000758:	6552                	ld	a0,272(sp)
    8000075a:	6461                	lui	s0,0x18
    8000075c:	6e69                	lui	t3,0x1a
    8000075e:	6e692067          	.4byte	0x6e692067
    80000762:	6564                	ld	s1,200(a0)
    80000764:	2078                	.2byte	0x2078
    80000766:	7825                	lui	a6,0xfffe9
    80000768:	2e2e                	.2byte	0x2e2e
    8000076a:	0d2e                	slli	s10,s10,0xb
    8000076c:	000a                	c.slli	zero,0x2
    8000076e:	0000                	unimp
    80000770:	6152                	ld	sp,272(sp)
    80000772:	646e                	ld	s0,216(sp)
    80000774:	73206d6f          	jal	s10,80006ea6 <drbgCtrl+0x677e>
    80000778:	6565                	lui	a0,0x19
    8000077a:	2064                	.2byte	0x2064
    8000077c:	5d78255b          	.4byte	0x5d78255b
    80000780:	6920                	ld	s0,80(a0)
    80000782:	30203a73          	csrrc	s4,medeleg,zero
    80000786:	2578                	.2byte	0x2578
    80000788:	786c                	ld	a1,240(s0)
    8000078a:	0a0d                	addi	s4,s4,3
    8000078c:	0000                	unimp
    8000078e:	0000                	unimp
    80000790:	4554                	lw	a3,12(a0)
    80000792:	4e495453          	.4byte	0x4e495453
    80000796:	52572047          	.4byte	0x52572047
    8000079a:	5449                	li	s0,-14
    8000079c:	4e49                	li	t3,18
    8000079e:	45532047          	.4byte	0x45532047
    800007a2:	4445                	li	s0,17
    800007a4:	5420                	lw	s0,104(s0)
    800007a6:	4552204f          	.4byte	0x4552204f
    800007aa:	0a0d5347          	.4byte	0xa0d5347
    800007ae:	0000                	unimp
    800007b0:	6152                	ld	sp,272(sp)
    800007b2:	646e                	ld	s0,216(sp)
    800007b4:	53206d6f          	jal	s10,80006ce6 <drbgCtrl+0x65be>
    800007b8:	6565                	lui	a0,0x19
    800007ba:	2064                	.2byte	0x2064
    800007bc:	7369                	lui	t1,0xffffa
    800007be:	203a                	.2byte	0x203a
    800007c0:	7830                	ld	a2,112(s0)
    800007c2:	0000                	unimp
    800007c4:	0000                	unimp
    800007c6:	0000                	unimp
    800007c8:	6c25                	lui	s8,0x9
    800007ca:	2078                	.2byte	0x2078
	...

Disassembly of section .bss:

0000000080000000 <random_sequence>:
	...

Disassembly of section .riscv.attributes:

0000000000000000 <.riscv.attributes>:
   0:	2e41                	addiw	t3,t3,16 # 1a010 <random_sequence-0x7ffe5ff0>
   2:	0000                	unimp
   4:	7200                	ld	s0,32(a2)
   6:	7369                	lui	t1,0xffffa
   8:	01007663          	bgeu	zero,a6,14 <random_sequence-0x7fffffec>
   c:	0024                	addi	s1,sp,8
   e:	0000                	unimp
  10:	1004                	addi	s1,sp,32
  12:	7205                	lui	tp,0xfffe1
  14:	3676                	.2byte	0x3676
  16:	6934                	ld	a3,80(a0)
  18:	7032                	.2byte	0x7032
  1a:	5f30                	lw	a2,120(a4)
  1c:	326d                	addiw	tp,tp,-5 # fffffffffffe0ffb <drbgCtrl+0xffffffff7ffe08d3>
  1e:	3070                	.2byte	0x3070
  20:	615f 7032 5f30      	.byte	0x5f, 0x61, 0x32, 0x70, 0x30, 0x5f
  26:	30703263          	.4byte	0x30703263
  2a:	0800                	addi	s0,sp,16
  2c:	0a01                	addi	s4,s4,0
  2e:	0b              	Address 0x000000000000002e is out of bounds.


Disassembly of section .comment:

0000000000000000 <.comment>:
   0:	3a434347          	.4byte	0x3a434347
   4:	2820                	.2byte	0x2820
   6:	65653267          	.4byte	0x65653267
   a:	6535                	lui	a0,0xd
   c:	3334                	.2byte	0x3334
   e:	3030                	.2byte	0x3030
  10:	3831                	addiw	a6,a6,-20 # fffffffffffe8fec <drbgCtrl+0xffffffff7ffe88c4>
  12:	2029                	.2byte	0x2029
  14:	3231                	addiw	tp,tp,-20 # ffffffffffffffec <drbgCtrl+0xffffffff7ffff8c4>
  16:	322e                	.2byte	0x322e
  18:	302e                	.2byte	0x302e
	...

Disassembly of section .debug_line:

0000000000000000 <.debug_line>:
   0:	0080                	addi	s0,sp,64
   2:	0000                	unimp
   4:	0005                	c.nop	1
   6:	0008                	.2byte	0x8
   8:	002e                	c.slli	zero,0xb
   a:	0000                	unimp
   c:	0101                	addi	sp,sp,0
   e:	fb01                	bnez	a4,ffffffffffffff1e <drbgCtrl+0xffffffff7ffff7f6>
  10:	0d0e                	slli	s10,s10,0x3
  12:	0100                	addi	s0,sp,128
  14:	0101                	addi	sp,sp,0
  16:	0001                	nop
  18:	0000                	unimp
  1a:	0001                	nop
  1c:	0100                	addi	s0,sp,128
  1e:	0101                	addi	sp,sp,0
  20:	021f 0000 0000      	.byte	0x1f, 0x02, 0x00, 0x00, 0x00, 0x00
  26:	003d                	c.nop	15
  28:	0000                	unimp
  2a:	0102                	c.slli64	sp
  2c:	021f 020f 007e      	.byte	0x1f, 0x02, 0x0f, 0x02, 0x7e, 0x00
  32:	0000                	unimp
  34:	7e01                	lui	t3,0xfffe0
  36:	0000                	unimp
  38:	0100                	addi	s0,sp,128
  3a:	0900                	addi	s0,sp,144
  3c:	0002                	c.slli64	zero
  3e:	0000                	unimp
  40:	0080                	addi	s0,sp,64
  42:	0000                	unimp
  44:	0300                	addi	s0,sp,384
  46:	010a                	slli	sp,sp,0x2
  48:	04090103          	lb	sp,64(s2)
  4c:	0100                	addi	s0,sp,128
  4e:	04090103          	lb	sp,64(s2)
  52:	0100                	addi	s0,sp,128
  54:	04090103          	lb	sp,64(s2)
  58:	0100                	addi	s0,sp,128
  5a:	10090103          	lb	sp,256(s2)
  5e:	0100                	addi	s0,sp,128
  60:	04090103          	lb	sp,64(s2)
  64:	0100                	addi	s0,sp,128
  66:	04090103          	lb	sp,64(s2)
  6a:	0100                	addi	s0,sp,128
  6c:	08090103          	lb	sp,128(s2)
  70:	0100                	addi	s0,sp,128
  72:	04090203          	lb	tp,64(s2)
  76:	0100                	addi	s0,sp,128
  78:	04090203          	lb	tp,64(s2)
  7c:	0100                	addi	s0,sp,128
  7e:	0409                	addi	s0,s0,2 # 18002 <random_sequence-0x7ffe7ffe>
  80:	0000                	unimp
  82:	0101                	addi	sp,sp,0
  84:	02a2                	slli	t0,t0,0x8
  86:	0000                	unimp
  88:	0005                	c.nop	1
  8a:	0008                	.2byte	0x8
  8c:	0052                	c.slli	zero,0x14
  8e:	0000                	unimp
  90:	0101                	addi	sp,sp,0
  92:	fb01                	bnez	a4,ffffffffffffffa2 <drbgCtrl+0xffffffff7ffff87a>
  94:	0d0e                	slli	s10,s10,0x3
  96:	0100                	addi	s0,sp,128
  98:	0101                	addi	sp,sp,0
  9a:	0001                	nop
  9c:	0000                	unimp
  9e:	0001                	nop
  a0:	0100                	addi	s0,sp,128
  a2:	0101                	addi	sp,sp,0
  a4:	061f 0000 0000      	.byte	0x1f, 0x06, 0x00, 0x00, 0x00, 0x00
  aa:	003d                	c.nop	15
  ac:	0000                	unimp
  ae:	00d0                	addi	a2,sp,68
  b0:	0000                	unimp
  b2:	0115                	addi	sp,sp,5
  b4:	0000                	unimp
  b6:	0182                	c.slli64	gp
  b8:	0000                	unimp
  ba:	01e8                	addi	a0,sp,204
  bc:	0000                	unimp
  be:	0102                	c.slli64	sp
  c0:	021f 060f 00c6      	.byte	0x1f, 0x02, 0x0f, 0x06, 0xc6, 0x00
  c6:	0000                	unimp
  c8:	4a01                	li	s4,0
  ca:	0002                	c.slli64	zero
  cc:	0200                	addi	s0,sp,256
  ce:	00c6                	slli	ra,ra,0x11
  d0:	0000                	unimp
  d2:	5401                	li	s0,-32
  d4:	0002                	c.slli64	zero
  d6:	0300                	addi	s0,sp,384
  d8:	025d                	addi	tp,tp,23 # 17 <random_sequence-0x7fffffe9>
  da:	0000                	unimp
  dc:	6e04                	ld	s1,24(a2)
  de:	0002                	c.slli64	zero
  e0:	0500                	addi	s0,sp,640
  e2:	0105                	addi	sp,sp,1
  e4:	0900                	addi	s0,sp,144
  e6:	3802                	.2byte	0x3802
  e8:	0000                	unimp
  ea:	0080                	addi	s0,sp,64
  ec:	0000                	unimp
  ee:	0300                	addi	s0,sp,384
  f0:	0115                	addi	sp,sp,5
  f2:	1505                	addi	a0,a0,-31 # cfe1 <random_sequence-0x7fff301f>
  f4:	0c090103          	lb	sp,192(s2)
  f8:	0100                	addi	s0,sp,128
  fa:	0305                	addi	t1,t1,1 # ffffffffffffa001 <drbgCtrl+0xffffffff7fff98d9>
  fc:	0200                	addi	s0,sp,256
  fe:	0104                	addi	s1,sp,128
 100:	08090403          	lb	s0,128(s2)
 104:	0100                	addi	s0,sp,128
 106:	0d05                	addi	s10,s10,1
 108:	0200                	addi	s0,sp,256
 10a:	0104                	addi	s1,sp,128
 10c:	16090403          	lb	s0,352(s2)
 110:	0100                	addi	s0,sp,128
 112:	0105                	addi	sp,sp,1
 114:	0a090503          	lb	a0,160(s2)
 118:	0100                	addi	s0,sp,128
 11a:	0204                	addi	s1,sp,256
 11c:	0a096503          	lwu	a0,160(s2)
 120:	0100                	addi	s0,sp,128
 122:	0205                	addi	tp,tp,1 # 1 <random_sequence-0x7fffffff>
 124:	0c090203          	lb	tp,192(s2)
 128:	0100                	addi	s0,sp,128
 12a:	0305                	addi	t1,t1,1
 12c:	0200                	addi	s0,sp,256
 12e:	0204                	addi	s1,sp,256
 130:	02090103          	lb	sp,32(s2)
 134:	0100                	addi	s0,sp,128
 136:	1c05                	addi	s8,s8,-31 # 8fe1 <random_sequence-0x7fff701f>
 138:	0200                	addi	s0,sp,256
 13a:	0204                	addi	s1,sp,256
 13c:	0a097f03          	.4byte	0xa097f03
 140:	0100                	addi	s0,sp,128
 142:	0c05                	addi	s8,s8,1
 144:	0200                	addi	s0,sp,256
 146:	0104                	addi	s1,sp,128
 148:	0a090003          	lb	zero,160(s2)
 14c:	0100                	addi	s0,sp,128
 14e:	1205                	addi	tp,tp,-31 # ffffffffffffffe1 <drbgCtrl+0xffffffff7ffff8b9>
 150:	0200                	addi	s0,sp,256
 152:	0104                	addi	s1,sp,128
 154:	0c090003          	lb	zero,192(s2)
 158:	0100                	addi	s0,sp,128
 15a:	0105                	addi	sp,sp,1
 15c:	0a090203          	lb	tp,160(s2)
 160:	0100                	addi	s0,sp,128
 162:	0c090303          	lb	t1,192(s2)
 166:	0100                	addi	s0,sp,128
 168:	0205                	addi	tp,tp,1 # 1 <random_sequence-0x7fffffff>
 16a:	0c090103          	lb	sp,192(s2)
 16e:	0100                	addi	s0,sp,128
 170:	08090103          	lb	sp,128(s2)
 174:	0100                	addi	s0,sp,128
 176:	06090103          	lb	sp,96(s2)
 17a:	0100                	addi	s0,sp,128
 17c:	0105                	addi	sp,sp,1
 17e:	06090103          	lb	sp,96(s2)
 182:	0100                	addi	s0,sp,128
 184:	0a090303          	lb	t1,160(s2)
 188:	0100                	addi	s0,sp,128
 18a:	0a05                	addi	s4,s4,1
 18c:	1e090203          	lb	tp,480(s2)
 190:	0100                	addi	s0,sp,128
 192:	04090103          	lb	sp,64(s2)
 196:	0100                	addi	s0,sp,128
 198:	0505                	addi	a0,a0,1
 19a:	04090303          	lb	t1,64(s2)
 19e:	0100                	addi	s0,sp,128
 1a0:	0b05                	addi	s6,s6,1
 1a2:	14090203          	lb	tp,320(s2)
 1a6:	0100                	addi	s0,sp,128
 1a8:	0c05                	addi	s8,s8,1
 1aa:	02090103          	lb	sp,32(s2)
 1ae:	0100                	addi	s0,sp,128
 1b0:	0d05                	addi	s10,s10,1
 1b2:	0c090103          	lb	sp,192(s2)
 1b6:	0100                	addi	s0,sp,128
 1b8:	1905                	addi	s2,s2,-31
 1ba:	0200                	addi	s0,sp,256
 1bc:	0104                	addi	s1,sp,128
 1be:	42090203          	lb	tp,1056(s2)
 1c2:	0100                	addi	s0,sp,128
 1c4:	1105                	addi	sp,sp,-31
 1c6:	0200                	addi	s0,sp,256
 1c8:	0104                	addi	s1,sp,128
 1ca:	06090103          	lb	sp,96(s2)
 1ce:	0100                	addi	s0,sp,128
 1d0:	1605                	addi	a2,a2,-31
 1d2:	02090503          	lb	a0,32(s2)
 1d6:	0100                	addi	s0,sp,128
 1d8:	1405                	addi	s0,s0,-31
 1da:	04090203          	lb	tp,64(s2)
 1de:	0100                	addi	s0,sp,128
 1e0:	1705                	addi	a4,a4,-31
 1e2:	0a090103          	lb	sp,160(s2)
 1e6:	0100                	addi	s0,sp,128
 1e8:	1905                	addi	s2,s2,-31
 1ea:	14090203          	lb	tp,320(s2)
 1ee:	0100                	addi	s0,sp,128
 1f0:	1705                	addi	a4,a4,-31
 1f2:	0e090003          	lb	zero,224(s2)
 1f6:	0100                	addi	s0,sp,128
 1f8:	2805                	addiw	a6,a6,1
 1fa:	08090203          	lb	tp,128(s2)
 1fe:	0100                	addi	s0,sp,128
 200:	0200                	addi	s0,sp,256
 202:	0104                	addi	s1,sp,128
 204:	0306                	slli	t1,t1,0x1
 206:	0900                	addi	s0,sp,144
 208:	000a                	c.slli	zero,0x2
 20a:	0001                	nop
 20c:	0402                	c.slli64	s0
 20e:	0302                	c.slli64	t1
 210:	0900                	addi	s0,sp,144
 212:	0006                	c.slli	zero,0x1
 214:	0501                	addi	a0,a0,0
 216:	0018                	.2byte	0x18
 218:	0402                	c.slli64	s0
 21a:	0604                	addi	s1,sp,768
 21c:	02090003          	lb	zero,32(s2)
 220:	0100                	addi	s0,sp,128
 222:	1105                	addi	sp,sp,-31
 224:	0200                	addi	s0,sp,256
 226:	0404                	addi	s1,sp,512
 228:	04090003          	lb	zero,64(s2)
 22c:	0100                	addi	s0,sp,128
 22e:	2405                	addiw	s0,s0,1
 230:	02090103          	lb	sp,32(s2)
 234:	0100                	addi	s0,sp,128
 236:	2a05                	addiw	s4,s4,1
 238:	0e090003          	lb	zero,224(s2)
 23c:	0100                	addi	s0,sp,128
 23e:	1d05                	addi	s10,s10,-31
 240:	04090003          	lb	zero,64(s2)
 244:	0100                	addi	s0,sp,128
 246:	1805                	addi	a6,a6,-31
 248:	06090103          	lb	sp,96(s2)
 24c:	0100                	addi	s0,sp,128
 24e:	1b05                	addi	s6,s6,-31
 250:	0200                	addi	s0,sp,256
 252:	0104                	addi	s1,sp,128
 254:	0a090003          	lb	zero,160(s2)
 258:	0100                	addi	s0,sp,128
 25a:	2605                	addiw	a2,a2,1
 25c:	0200                	addi	s0,sp,256
 25e:	0204                	addi	s1,sp,256
 260:	0a090003          	lb	zero,160(s2)
 264:	0100                	addi	s0,sp,128
 266:	1905                	addi	s2,s2,-31
 268:	08090103          	lb	sp,128(s2)
 26c:	0100                	addi	s0,sp,128
 26e:	0200                	addi	s0,sp,256
 270:	0104                	addi	s1,sp,128
 272:	0306                	slli	t1,t1,0x1
 274:	0900                	addi	s0,sp,144
 276:	000e                	c.slli	zero,0x3
 278:	0001                	nop
 27a:	0402                	c.slli64	s0
 27c:	0302                	c.slli64	t1
 27e:	0900                	addi	s0,sp,144
 280:	000e                	c.slli	zero,0x3
 282:	0001                	nop
 284:	0402                	c.slli64	s0
 286:	0304                	addi	s1,sp,384
 288:	0900                	addi	s0,sp,144
 28a:	000c                	.2byte	0xc
 28c:	0501                	addi	a0,a0,0
 28e:	0021                	c.nop	8
 290:	0402                	c.slli64	s0
 292:	0604                	addi	s1,sp,768
 294:	06090103          	lb	sp,96(s2)
 298:	0100                	addi	s0,sp,128
 29a:	3905                	addiw	s2,s2,-31
 29c:	0200                	addi	s0,sp,256
 29e:	0604                	addi	s1,sp,768
 2a0:	06097c03          	.4byte	0x6097c03
 2a4:	0100                	addi	s0,sp,128
 2a6:	3105                	addiw	sp,sp,-31
 2a8:	0200                	addi	s0,sp,256
 2aa:	0504                	addi	s1,sp,640
 2ac:	0a090003          	lb	zero,160(s2)
 2b0:	0100                	addi	s0,sp,128
 2b2:	1105                	addi	sp,sp,-31
 2b4:	0a090703          	lb	a4,160(s2)
 2b8:	0100                	addi	s0,sp,128
 2ba:	02090403          	lb	s0,32(s2)
 2be:	0100                	addi	s0,sp,128
 2c0:	14090103          	lb	sp,320(s2)
 2c4:	0100                	addi	s0,sp,128
 2c6:	1705                	addi	a4,a4,-31
 2c8:	02090303          	lb	t1,32(s2)
 2cc:	0100                	addi	s0,sp,128
 2ce:	1105                	addi	sp,sp,-31
 2d0:	0e090003          	lb	zero,224(s2)
 2d4:	0100                	addi	s0,sp,128
 2d6:	0a090103          	lb	sp,160(s2)
 2da:	0100                	addi	s0,sp,128
 2dc:	1705                	addi	a4,a4,-31
 2de:	02090303          	lb	t1,32(s2)
 2e2:	0100                	addi	s0,sp,128
 2e4:	1505                	addi	a0,a0,-31
 2e6:	04090103          	lb	sp,64(s2)
 2ea:	0100                	addi	s0,sp,128
 2ec:	1105                	addi	sp,sp,-31
 2ee:	06090203          	lb	tp,96(s2)
 2f2:	0100                	addi	s0,sp,128
 2f4:	1705                	addi	a4,a4,-31
 2f6:	10090103          	lb	sp,256(s2)
 2fa:	0100                	addi	s0,sp,128
 2fc:	0d05                	addi	s10,s10,1
 2fe:	08090303          	lb	t1,128(s2)
 302:	0100                	addi	s0,sp,128
 304:	1505                	addi	a0,a0,-31
 306:	0a095503          	lhu	a0,160(s2)
 30a:	0100                	addi	s0,sp,128
 30c:	0f05                	addi	t5,t5,1
 30e:	0c090003          	lb	zero,192(s2)
 312:	0100                	addi	s0,sp,128
 314:	1905                	addi	s2,s2,-31
 316:	08090003          	lb	zero,128(s2)
 31a:	0100                	addi	s0,sp,128
 31c:	0105                	addi	sp,sp,1
 31e:	0c093003          	ld	zero,192(s2)
 322:	0100                	addi	s0,sp,128
 324:	0c09                	addi	s8,s8,2
 326:	0000                	unimp
 328:	0101                	addi	sp,sp,0
 32a:	047f                	.2byte	0x47f
 32c:	0000                	unimp
 32e:	0005                	c.nop	1
 330:	0008                	.2byte	0x8
 332:	0049                	c.nop	18
 334:	0000                	unimp
 336:	0101                	addi	sp,sp,0
 338:	fb01                	bnez	a4,248 <random_sequence-0x7ffffdb8>
 33a:	0d0e                	slli	s10,s10,0x3
 33c:	0100                	addi	s0,sp,128
 33e:	0101                	addi	sp,sp,0
 340:	0001                	nop
 342:	0000                	unimp
 344:	0001                	nop
 346:	0100                	addi	s0,sp,128
 348:	0101                	addi	sp,sp,0
 34a:	051f 0000 0000      	.byte	0x1f, 0x05, 0x00, 0x00, 0x00, 0x00
 350:	003d                	c.nop	15
 352:	0000                	unimp
 354:	0182                	c.slli64	gp
 356:	0000                	unimp
 358:	01e8                	addi	a0,sp,204
 35a:	0000                	unimp
 35c:	00d0                	addi	a2,sp,68
 35e:	0000                	unimp
 360:	0102                	c.slli64	sp
 362:	021f 050f 02b9      	.byte	0x1f, 0x02, 0x0f, 0x05, 0xb9, 0x02
 368:	0000                	unimp
 36a:	b901                	j	ffffffffffffff7a <drbgCtrl+0xffffffff7ffff852>
 36c:	0002                	c.slli64	zero
 36e:	0100                	addi	s0,sp,128
 370:	025d                	addi	tp,tp,23 # 17 <random_sequence-0x7fffffe9>
 372:	0000                	unimp
 374:	6e02                	ld	t3,0(sp)
 376:	0002                	c.slli64	zero
 378:	0300                	addi	s0,sp,384
 37a:	024a                	slli	tp,tp,0x12
 37c:	0000                	unimp
 37e:	0504                	addi	s1,sp,640
 380:	0020                	addi	s0,sp,8
 382:	0209                	addi	tp,tp,2 # 2 <random_sequence-0x7ffffffe>
 384:	02cc                	addi	a1,sp,324
 386:	8000                	.2byte	0x8000
 388:	0000                	unimp
 38a:	0000                	unimp
 38c:	05012403          	lw	s0,80(sp)
 390:	0305                	addi	t1,t1,1
 392:	0906                	slli	s2,s2,0x1
 394:	000a                	c.slli	zero,0x2
 396:	0501                	addi	a0,a0,0
 398:	0329                	addi	t1,t1,10
 39a:	0900                	addi	s0,sp,144
 39c:	0008                	.2byte	0x8
 39e:	0501                	addi	a0,a0,0
 3a0:	030d                	addi	t1,t1,3
 3a2:	0901                	addi	s2,s2,0
 3a4:	0004                	.2byte	0x4
 3a6:	0501                	addi	a0,a0,0
 3a8:	0305                	addi	t1,t1,1
 3aa:	0900                	addi	s0,sp,144
 3ac:	0004                	.2byte	0x4
 3ae:	0501                	addi	a0,a0,0
 3b0:	001f 0402 0303      	.byte	0x1f, 0x00, 0x02, 0x04, 0x03, 0x03
 3b6:	0900                	addi	s0,sp,144
 3b8:	0002                	c.slli64	zero
 3ba:	0501                	addi	a0,a0,0
 3bc:	0016                	c.slli	zero,0x5
 3be:	0402                	c.slli64	s0
 3c0:	0301                	addi	t1,t1,0
 3c2:	0900                	addi	s0,sp,144
 3c4:	000a                	c.slli	zero,0x2
 3c6:	0501                	addi	a0,a0,0
 3c8:	0305                	addi	t1,t1,1
 3ca:	0901                	addi	s2,s2,0
 3cc:	0010                	.2byte	0x10
 3ce:	0501                	addi	a0,a0,0
 3d0:	0329                	addi	t1,t1,10
 3d2:	0900                	addi	s0,sp,144
 3d4:	0008                	.2byte	0x8
 3d6:	0501                	addi	a0,a0,0
 3d8:	0301                	addi	t1,t1,0
 3da:	0901                	addi	s2,s2,0
 3dc:	0004                	.2byte	0x4
 3de:	0501                	addi	a0,a0,0
 3e0:	09020337          	lui	t1,0x9020
 3e4:	0008                	.2byte	0x8
 3e6:	0501                	addi	a0,a0,0
 3e8:	0304                	addi	s1,sp,384
 3ea:	0902                	c.slli64	s2
 3ec:	0010                	.2byte	0x10
 3ee:	0501                	addi	a0,a0,0
 3f0:	032a                	slli	t1,t1,0xa
 3f2:	0900                	addi	s0,sp,144
 3f4:	0006                	c.slli	zero,0x1
 3f6:	0501                	addi	a0,a0,0
 3f8:	0311                	addi	t1,t1,4 # 9020004 <random_sequence-0x76fdfffc>
 3fa:	0901                	addi	s2,s2,0
 3fc:	0006                	c.slli	zero,0x1
 3fe:	0501                	addi	a0,a0,0
 400:	0304                	addi	s1,sp,384
 402:	0900                	addi	s0,sp,144
 404:	0004                	.2byte	0x4
 406:	0501                	addi	a0,a0,0
 408:	0022                	c.slli	zero,0x8
 40a:	0402                	c.slli64	s0
 40c:	09000303          	lb	t1,144(zero) # 90 <random_sequence-0x7fffff70>
 410:	0002                	c.slli64	zero
 412:	0501                	addi	a0,a0,0
 414:	001a                	c.slli	zero,0x6
 416:	0402                	c.slli64	s0
 418:	0301                	addi	t1,t1,0
 41a:	0900                	addi	s0,sp,144
 41c:	000a                	c.slli	zero,0x2
 41e:	0501                	addi	a0,a0,0
 420:	0310                	addi	a2,sp,384
 422:	0901                	addi	s2,s2,0
 424:	0010                	.2byte	0x10
 426:	0501                	addi	a0,a0,0
 428:	030e                	slli	t1,t1,0x3
 42a:	0900                	addi	s0,sp,144
 42c:	0008                	.2byte	0x8
 42e:	0501                	addi	a0,a0,0
 430:	0901030b          	.4byte	0x901030b
 434:	0006                	c.slli	zero,0x1
 436:	0501                	addi	a0,a0,0
 438:	0301                	addi	t1,t1,0
 43a:	0901                	addi	s2,s2,0
 43c:	0004                	.2byte	0x4
 43e:	0501                	addi	a0,a0,0
 440:	0342                	slli	t1,t1,0x10
 442:	0902                	c.slli64	s2
 444:	0008                	.2byte	0x8
 446:	0501                	addi	a0,a0,0
 448:	0304                	addi	s1,sp,384
 44a:	0901                	addi	s2,s2,0
 44c:	0014                	.2byte	0x14
 44e:	0501                	addi	a0,a0,0
 450:	032a                	slli	t1,t1,0xa
 452:	0900                	addi	s0,sp,144
 454:	0006                	c.slli	zero,0x1
 456:	0501                	addi	a0,a0,0
 458:	0304                	addi	s1,sp,384
 45a:	0901                	addi	s2,s2,0
 45c:	0006                	c.slli	zero,0x1
 45e:	0501                	addi	a0,a0,0
 460:	032a                	slli	t1,t1,0xa
 462:	0900                	addi	s0,sp,144
 464:	0008                	.2byte	0x8
 466:	0501                	addi	a0,a0,0
 468:	0304                	addi	s1,sp,384
 46a:	0901                	addi	s2,s2,0
 46c:	0006                	c.slli	zero,0x1
 46e:	0501                	addi	a0,a0,0
 470:	032d                	addi	t1,t1,11
 472:	0900                	addi	s0,sp,144
 474:	0006                	c.slli	zero,0x1
 476:	0501                	addi	a0,a0,0
 478:	0304                	addi	s1,sp,384
 47a:	0901                	addi	s2,s2,0
 47c:	0004                	.2byte	0x4
 47e:	0501                	addi	a0,a0,0
 480:	032d                	addi	t1,t1,11
 482:	0900                	addi	s0,sp,144
 484:	0006                	c.slli	zero,0x1
 486:	0501                	addi	a0,a0,0
 488:	0301                	addi	t1,t1,0
 48a:	0901                	addi	s2,s2,0
 48c:	0004                	.2byte	0x4
 48e:	0301                	addi	t1,t1,0
 490:	00080903          	lb	s2,0(a6)
 494:	0501                	addi	a0,a0,0
 496:	0308                	addi	a0,sp,384
 498:	0901                	addi	s2,s2,0
 49a:	000a                	c.slli	zero,0x2
 49c:	0501                	addi	a0,a0,0
 49e:	09000307          	.4byte	0x9000307
 4a2:	000a                	c.slli	zero,0x2
 4a4:	0501                	addi	a0,a0,0
 4a6:	0310                	addi	a2,sp,384
 4a8:	0901                	addi	s2,s2,0
 4aa:	0006                	c.slli	zero,0x1
 4ac:	0301                	addi	t1,t1,0
 4ae:	0902                	c.slli64	s2
 4b0:	0004                	.2byte	0x4
 4b2:	0501                	addi	a0,a0,0
 4b4:	0301                	addi	t1,t1,0
 4b6:	0902                	c.slli64	s2
 4b8:	0002                	c.slli64	zero
 4ba:	0501                	addi	a0,a0,0
 4bc:	032e                	slli	t1,t1,0xb
 4be:	0902                	c.slli64	s2
 4c0:	0008                	.2byte	0x8
 4c2:	0501                	addi	a0,a0,0
 4c4:	0305                	addi	t1,t1,1
 4c6:	0901                	addi	s2,s2,0
 4c8:	0012                	c.slli	zero,0x4
 4ca:	0301                	addi	t1,t1,0
 4cc:	0901                	addi	s2,s2,0
 4ce:	0008                	.2byte	0x8
 4d0:	0301                	addi	t1,t1,0
 4d2:	0901                	addi	s2,s2,0
 4d4:	000c                	.2byte	0xc
 4d6:	0501                	addi	a0,a0,0
 4d8:	032a                	slli	t1,t1,0xa
 4da:	0900                	addi	s0,sp,144
 4dc:	0008                	.2byte	0x8
 4de:	0501                	addi	a0,a0,0
 4e0:	0305                	addi	t1,t1,1
 4e2:	0901                	addi	s2,s2,0
 4e4:	0004                	.2byte	0x4
 4e6:	0501                	addi	a0,a0,0
 4e8:	032a                	slli	t1,t1,0xa
 4ea:	0900                	addi	s0,sp,144
 4ec:	0008                	.2byte	0x8
 4ee:	0501                	addi	a0,a0,0
 4f0:	0305                	addi	t1,t1,1
 4f2:	0901                	addi	s2,s2,0
 4f4:	0004                	.2byte	0x4
 4f6:	0501                	addi	a0,a0,0
 4f8:	032a                	slli	t1,t1,0xa
 4fa:	0900                	addi	s0,sp,144
 4fc:	0008                	.2byte	0x8
 4fe:	0501                	addi	a0,a0,0
 500:	030a                	slli	t1,t1,0x2
 502:	0901                	addi	s2,s2,0
 504:	0004                	.2byte	0x4
 506:	0501                	addi	a0,a0,0
 508:	0402000b          	.4byte	0x402000b
 50c:	0301                	addi	t1,t1,0
 50e:	0900                	addi	s0,sp,144
 510:	0002                	c.slli64	zero
 512:	0501                	addi	a0,a0,0
 514:	0312                	slli	t1,t1,0x4
 516:	0901                	addi	s2,s2,0
 518:	000c                	.2byte	0xc
 51a:	0501                	addi	a0,a0,0
 51c:	0305                	addi	t1,t1,1
 51e:	0900                	addi	s0,sp,144
 520:	0004                	.2byte	0x4
 522:	0501                	addi	a0,a0,0
 524:	0009                	c.nop	2
 526:	0402                	c.slli64	s0
 528:	09010303          	lb	t1,144(sp)
 52c:	0002                	c.slli64	zero
 52e:	0501                	addi	a0,a0,0
 530:	000c                	.2byte	0xc
 532:	0402                	c.slli64	s0
 534:	09010303          	lb	t1,144(sp)
 538:	0014                	.2byte	0x14
 53a:	0501                	addi	a0,a0,0
 53c:	0012                	c.slli	zero,0x4
 53e:	0402                	c.slli64	s0
 540:	09000303          	lb	t1,144(zero) # 90 <random_sequence-0x7fffff70>
 544:	000e                	c.slli	zero,0x3
 546:	0501                	addi	a0,a0,0
 548:	0010                	.2byte	0x10
 54a:	0402                	c.slli64	s0
 54c:	09000303          	lb	t1,144(zero) # 90 <random_sequence-0x7fffff70>
 550:	0010                	.2byte	0x10
 552:	0501                	addi	a0,a0,0
 554:	0021                	c.nop	8
 556:	0402                	c.slli64	s0
 558:	097e0303          	lb	t1,151(t3) # fffffffffffe0097 <drbgCtrl+0xffffffff7ffdf96f>
 55c:	0002                	c.slli64	zero
 55e:	0501                	addi	a0,a0,0
 560:	0402001b          	addiw	zero,tp,64 # 40 <random_sequence-0x7fffffc0>
 564:	0301                	addi	t1,t1,0
 566:	0900                	addi	s0,sp,144
 568:	000a                	c.slli	zero,0x2
 56a:	0501                	addi	a0,a0,0
 56c:	0312                	slli	t1,t1,0x4
 56e:	0904                	addi	s1,sp,144
 570:	000e                	c.slli	zero,0x3
 572:	0501                	addi	a0,a0,0
 574:	0305                	addi	t1,t1,1
 576:	0900                	addi	s0,sp,144
 578:	0004                	.2byte	0x4
 57a:	0501                	addi	a0,a0,0
 57c:	0009                	c.nop	2
 57e:	0402                	c.slli64	s0
 580:	09010303          	lb	t1,144(sp)
 584:	0002                	c.slli64	zero
 586:	0501                	addi	a0,a0,0
 588:	0038                	addi	a4,sp,8
 58a:	0402                	c.slli64	s0
 58c:	09000303          	lb	t1,144(zero) # 90 <random_sequence-0x7fffff70>
 590:	0008                	.2byte	0x8
 592:	0501                	addi	a0,a0,0
 594:	0009                	c.nop	2
 596:	0402                	c.slli64	s0
 598:	09000303          	lb	t1,144(zero) # 90 <random_sequence-0x7fffff70>
 59c:	000c                	.2byte	0xc
 59e:	0501                	addi	a0,a0,0
 5a0:	0021                	c.nop	8
 5a2:	0402                	c.slli64	s0
 5a4:	097f0303          	lb	t1,151(t5)
 5a8:	0012                	c.slli	zero,0x4
 5aa:	0501                	addi	a0,a0,0
 5ac:	0402001b          	addiw	zero,tp,64 # 40 <random_sequence-0x7fffffc0>
 5b0:	0301                	addi	t1,t1,0
 5b2:	0900                	addi	s0,sp,144
 5b4:	000a                	c.slli	zero,0x2
 5b6:	0501                	addi	a0,a0,0
 5b8:	0301                	addi	t1,t1,0
 5ba:	000e0903          	lb	s2,0(t3)
 5be:	0501                	addi	a0,a0,0
 5c0:	0344                	addi	s1,sp,388
 5c2:	0902                	c.slli64	s2
 5c4:	000e                	c.slli	zero,0x3
 5c6:	0501                	addi	a0,a0,0
 5c8:	0305                	addi	t1,t1,1
 5ca:	0901                	addi	s2,s2,0
 5cc:	0016                	c.slli	zero,0x5
 5ce:	0301                	addi	t1,t1,0
 5d0:	0901                	addi	s2,s2,0
 5d2:	0008                	.2byte	0x8
 5d4:	0301                	addi	t1,t1,0
 5d6:	0901                	addi	s2,s2,0
 5d8:	000c                	.2byte	0xc
 5da:	0501                	addi	a0,a0,0
 5dc:	032a                	slli	t1,t1,0xa
 5de:	0900                	addi	s0,sp,144
 5e0:	0008                	.2byte	0x8
 5e2:	0501                	addi	a0,a0,0
 5e4:	0305                	addi	t1,t1,1
 5e6:	0901                	addi	s2,s2,0
 5e8:	0004                	.2byte	0x4
 5ea:	0501                	addi	a0,a0,0
 5ec:	032a                	slli	t1,t1,0xa
 5ee:	0900                	addi	s0,sp,144
 5f0:	0008                	.2byte	0x8
 5f2:	0501                	addi	a0,a0,0
 5f4:	0312                	slli	t1,t1,0x4
 5f6:	0901                	addi	s2,s2,0
 5f8:	0004                	.2byte	0x4
 5fa:	0501                	addi	a0,a0,0
 5fc:	0305                	addi	t1,t1,1
 5fe:	0900                	addi	s0,sp,144
 600:	0004                	.2byte	0x4
 602:	0501                	addi	a0,a0,0
 604:	04020023          	sb	zero,64(tp) # 40 <random_sequence-0x7fffffc0>
 608:	09000303          	lb	t1,144(zero) # 90 <random_sequence-0x7fffff70>
 60c:	0002                	c.slli64	zero
 60e:	0501                	addi	a0,a0,0
 610:	0402001b          	addiw	zero,tp,64 # 40 <random_sequence-0x7fffffc0>
 614:	0301                	addi	t1,t1,0
 616:	0900                	addi	s0,sp,144
 618:	000a                	c.slli	zero,0x2
 61a:	0501                	addi	a0,a0,0
 61c:	0305                	addi	t1,t1,1
 61e:	0901                	addi	s2,s2,0
 620:	0010                	.2byte	0x10
 622:	0501                	addi	a0,a0,0
 624:	032a                	slli	t1,t1,0xa
 626:	0900                	addi	s0,sp,144
 628:	0008                	.2byte	0x8
 62a:	0501                	addi	a0,a0,0
 62c:	0312                	slli	t1,t1,0x4
 62e:	0901                	addi	s2,s2,0
 630:	0004                	.2byte	0x4
 632:	0501                	addi	a0,a0,0
 634:	0305                	addi	t1,t1,1
 636:	0900                	addi	s0,sp,144
 638:	0004                	.2byte	0x4
 63a:	0501                	addi	a0,a0,0
 63c:	002a                	c.slli	zero,0xa
 63e:	0402                	c.slli64	s0
 640:	09010303          	lb	t1,144(sp)
 644:	0002                	c.slli64	zero
 646:	0501                	addi	a0,a0,0
 648:	0009                	c.nop	2
 64a:	0402                	c.slli64	s0
 64c:	09000303          	lb	t1,144(zero) # 90 <random_sequence-0x7fffff70>
 650:	000c                	.2byte	0xc
 652:	0501                	addi	a0,a0,0
 654:	0021                	c.nop	8
 656:	0402                	c.slli64	s0
 658:	097f0303          	lb	t1,151(t5)
 65c:	0012                	c.slli	zero,0x4
 65e:	0501                	addi	a0,a0,0
 660:	0402001b          	addiw	zero,tp,64 # 40 <random_sequence-0x7fffffc0>
 664:	0301                	addi	t1,t1,0
 666:	0900                	addi	s0,sp,144
 668:	000a                	c.slli	zero,0x2
 66a:	0501                	addi	a0,a0,0
 66c:	0305                	addi	t1,t1,1
 66e:	000e0903          	lb	s2,0(t3)
 672:	0501                	addi	a0,a0,0
 674:	0900032f          	.4byte	0x900032f
 678:	0006                	c.slli	zero,0x1
 67a:	0501                	addi	a0,a0,0
 67c:	0312                	slli	t1,t1,0x4
 67e:	0901                	addi	s2,s2,0
 680:	0004                	.2byte	0x4
 682:	0501                	addi	a0,a0,0
 684:	0305                	addi	t1,t1,1
 686:	0900                	addi	s0,sp,144
 688:	0004                	.2byte	0x4
 68a:	0501                	addi	a0,a0,0
 68c:	04020023          	sb	zero,64(tp) # 40 <random_sequence-0x7fffffc0>
 690:	09000303          	lb	t1,144(zero) # 90 <random_sequence-0x7fffff70>
 694:	0002                	c.slli64	zero
 696:	0501                	addi	a0,a0,0
 698:	0402001b          	addiw	zero,tp,64 # 40 <random_sequence-0x7fffffc0>
 69c:	0301                	addi	t1,t1,0
 69e:	0900                	addi	s0,sp,144
 6a0:	000a                	c.slli	zero,0x2
 6a2:	0501                	addi	a0,a0,0
 6a4:	0305                	addi	t1,t1,1
 6a6:	0901                	addi	s2,s2,0
 6a8:	0010                	.2byte	0x10
 6aa:	0501                	addi	a0,a0,0
 6ac:	0900032f          	.4byte	0x900032f
 6b0:	0006                	c.slli	zero,0x1
 6b2:	0501                	addi	a0,a0,0
 6b4:	030a                	slli	t1,t1,0x2
 6b6:	0901                	addi	s2,s2,0
 6b8:	0004                	.2byte	0x4
 6ba:	0501                	addi	a0,a0,0
 6bc:	0402000b          	.4byte	0x402000b
 6c0:	0301                	addi	t1,t1,0
 6c2:	0900                	addi	s0,sp,144
 6c4:	0002                	c.slli64	zero
 6c6:	0501                	addi	a0,a0,0
 6c8:	0312                	slli	t1,t1,0x4
 6ca:	0901                	addi	s2,s2,0
 6cc:	000c                	.2byte	0xc
 6ce:	0501                	addi	a0,a0,0
 6d0:	0305                	addi	t1,t1,1
 6d2:	0900                	addi	s0,sp,144
 6d4:	0004                	.2byte	0x4
 6d6:	0501                	addi	a0,a0,0
 6d8:	04020023          	sb	zero,64(tp) # 40 <random_sequence-0x7fffffc0>
 6dc:	09000303          	lb	t1,144(zero) # 90 <random_sequence-0x7fffff70>
 6e0:	0002                	c.slli64	zero
 6e2:	0501                	addi	a0,a0,0
 6e4:	0402001b          	addiw	zero,tp,64 # 40 <random_sequence-0x7fffffc0>
 6e8:	0301                	addi	t1,t1,0
 6ea:	0900                	addi	s0,sp,144
 6ec:	000a                	c.slli	zero,0x2
 6ee:	0501                	addi	a0,a0,0
 6f0:	0312                	slli	t1,t1,0x4
 6f2:	0902                	c.slli64	s2
 6f4:	0010                	.2byte	0x10
 6f6:	0501                	addi	a0,a0,0
 6f8:	0305                	addi	t1,t1,1
 6fa:	0900                	addi	s0,sp,144
 6fc:	0004                	.2byte	0x4
 6fe:	0501                	addi	a0,a0,0
 700:	000c                	.2byte	0xc
 702:	0402                	c.slli64	s0
 704:	09010303          	lb	t1,144(sp)
 708:	0002                	c.slli64	zero
 70a:	0501                	addi	a0,a0,0
 70c:	0012                	c.slli	zero,0x4
 70e:	0402                	c.slli64	s0
 710:	09000303          	lb	t1,144(zero) # 90 <random_sequence-0x7fffff70>
 714:	000e                	c.slli	zero,0x3
 716:	0501                	addi	a0,a0,0
 718:	0010                	.2byte	0x10
 71a:	0402                	c.slli64	s0
 71c:	09000303          	lb	t1,144(zero) # 90 <random_sequence-0x7fffff70>
 720:	0010                	.2byte	0x10
 722:	0501                	addi	a0,a0,0
 724:	0021                	c.nop	8
 726:	0402                	c.slli64	s0
 728:	097f0303          	lb	t1,151(t5)
 72c:	0002                	c.slli64	zero
 72e:	0501                	addi	a0,a0,0
 730:	0402001b          	addiw	zero,tp,64 # 40 <random_sequence-0x7fffffc0>
 734:	0301                	addi	t1,t1,0
 736:	0900                	addi	s0,sp,144
 738:	000a                	c.slli	zero,0x2
 73a:	0501                	addi	a0,a0,0
 73c:	0305                	addi	t1,t1,1
 73e:	000e0903          	lb	s2,0(t3)
 742:	0501                	addi	a0,a0,0
 744:	0312                	slli	t1,t1,0x4
 746:	0901                	addi	s2,s2,0
 748:	000c                	.2byte	0xc
 74a:	0501                	addi	a0,a0,0
 74c:	0305                	addi	t1,t1,1
 74e:	0900                	addi	s0,sp,144
 750:	0004                	.2byte	0x4
 752:	0501                	addi	a0,a0,0
 754:	0402001b          	addiw	zero,tp,64 # 40 <random_sequence-0x7fffffc0>
 758:	09010303          	lb	t1,144(sp)
 75c:	0002                	c.slli64	zero
 75e:	0501                	addi	a0,a0,0
 760:	0009                	c.nop	2
 762:	0402                	c.slli64	s0
 764:	09000303          	lb	t1,144(zero) # 90 <random_sequence-0x7fffff70>
 768:	000c                	.2byte	0xc
 76a:	0501                	addi	a0,a0,0
 76c:	0021                	c.nop	8
 76e:	0402                	c.slli64	s0
 770:	097f0303          	lb	t1,151(t5)
 774:	0010                	.2byte	0x10
 776:	0501                	addi	a0,a0,0
 778:	0402001b          	addiw	zero,tp,64 # 40 <random_sequence-0x7fffffc0>
 77c:	0301                	addi	t1,t1,0
 77e:	0900                	addi	s0,sp,144
 780:	000a                	c.slli	zero,0x2
 782:	0501                	addi	a0,a0,0
 784:	0301                	addi	t1,t1,0
 786:	000e0903          	lb	s2,0(t3)
 78a:	0501                	addi	a0,a0,0
 78c:	0909030f          	.4byte	0x909030f
 790:	000e                	c.slli	zero,0x3
 792:	0501                	addi	a0,a0,0
 794:	0301                	addi	t1,t1,0
 796:	00080903          	lb	s2,0(a6)
 79a:	0501                	addi	a0,a0,0
 79c:	0008                	.2byte	0x8
 79e:	0402                	c.slli64	s0
 7a0:	0301                	addi	t1,t1,0
 7a2:	090c                	addi	a1,sp,144
 7a4:	0020                	addi	s0,sp,8
 7a6:	0901                	addi	s2,s2,0
 7a8:	0004                	.2byte	0x4
 7aa:	0100                	addi	s0,sp,128
 7ac:	01              	Address 0x00000000000007ac is out of bounds.


Disassembly of section .debug_line_str:

0000000000000000 <.debug_line_str>:
   0:	6d6f682f          	.4byte	0x6d6f682f
   4:	2f65                	addiw	t5,t5,25
   6:	7564                	ld	s1,232(a0)
   8:	75687463          	bgeu	a6,s6,750 <random_sequence-0x7ffff8b0>
   c:	6e61                	lui	t3,0x18
   e:	4349522f          	.4byte	0x4349522f
  12:	75545653          	.4byte	0x75545653
  16:	6f74                	ld	a3,216(a4)
  18:	6972                	ld	s2,280(sp)
  1a:	6c61                	lui	s8,0x18
  1c:	5349522f          	.4byte	0x5349522f
  20:	75545643          	.4byte	0x75545643
  24:	6f74                	ld	a3,216(a4)
  26:	6972                	ld	s2,280(sp)
  28:	6c61                	lui	s8,0x18
  2a:	6770662f          	.4byte	0x6770662f
  2e:	2f61                	addiw	t5,t5,24
  30:	542f7773          	csrrci	a4,0x542,30
  34:	4e52                	lw	t3,20(sp)
  36:	52445f47          	.4byte	0x52445f47
  3a:	4742                	lw	a4,16(sp)
  3c:	2f00                	.2byte	0x2f00
  3e:	6f68                	ld	a0,216(a4)
  40:	656d                	lui	a0,0x1b
  42:	6375642f          	.4byte	0x6375642f
  46:	6874                	ld	a3,208(s0)
  48:	6175                	addi	sp,sp,368
  4a:	2f6e                	.2byte	0x2f6e
  4c:	4952                	lw	s2,20(sp)
  4e:	54565343          	.4byte	0x54565343
  52:	7475                	lui	s0,0xffffd
  54:	6169726f          	jal	tp,9766a <random_sequence-0x7ff68996>
  58:	2f6c                	.2byte	0x2f6c
  5a:	4952                	lw	s2,20(sp)
  5c:	54564353          	.4byte	0x54564353
  60:	7475                	lui	s0,0xffffd
  62:	6169726f          	jal	tp,97678 <random_sequence-0x7ff68988>
  66:	2f6c                	.2byte	0x2f6c
  68:	7066                	.2byte	0x7066
  6a:	732f6167          	.4byte	0x732f6167
  6e:	52542f77          	.4byte	0x52542f77
  72:	474e                	lw	a4,208(sp)
  74:	445f 4252 2f47      	.byte	0x5f, 0x44, 0x52, 0x42, 0x47, 0x2f
  7a:	00637273          	csrrci	tp,0x6,6
  7e:	30747263          	bgeu	s0,t2,382 <random_sequence-0x7ffffc7e>
  82:	532e                	lw	t1,232(sp)
  84:	2f00                	.2byte	0x2f00
  86:	6f68                	ld	a0,216(a4)
  88:	656d                	lui	a0,0x1b
  8a:	6375642f          	.4byte	0x6375642f
  8e:	6874                	ld	a3,208(s0)
  90:	6175                	addi	sp,sp,368
  92:	2f6e                	.2byte	0x2f6e
  94:	4952                	lw	s2,20(sp)
  96:	54565343          	.4byte	0x54565343
  9a:	7475                	lui	s0,0xffffd
  9c:	6169726f          	jal	tp,976b2 <random_sequence-0x7ff6894e>
  a0:	2f6c                	.2byte	0x2f6c
  a2:	4952                	lw	s2,20(sp)
  a4:	54564353          	.4byte	0x54564353
  a8:	7475                	lui	s0,0xffffd
  aa:	6169726f          	jal	tp,976c0 <random_sequence-0x7ff68940>
  ae:	2f6c                	.2byte	0x2f6c
  b0:	7066                	.2byte	0x7066
  b2:	732f6167          	.4byte	0x732f6167
  b6:	52542f77          	.4byte	0x52542f77
  ba:	474e                	lw	a4,208(sp)
  bc:	445f 4252 2f47      	.byte	0x5f, 0x44, 0x52, 0x42, 0x47, 0x2f
  c2:	2f637273          	csrrci	tp,0x2f6,6
  c6:	6972706b          	.4byte	0x6972706b
  ca:	746e                	ld	s0,248(sp)
  cc:	2e66                	.2byte	0x2e66
  ce:	682f0063          	beq	t5,sp,74e <random_sequence-0x7ffff8b2>
  d2:	2f656d6f          	jal	s10,563c8 <random_sequence-0x7ffa9c38>
  d6:	7564                	ld	s1,232(a0)
  d8:	75687463          	bgeu	a6,s6,820 <random_sequence-0x7ffff7e0>
  dc:	6e61                	lui	t3,0x18
  de:	4349522f          	.4byte	0x4349522f
  e2:	75545653          	.4byte	0x75545653
  e6:	6f74                	ld	a3,216(a4)
  e8:	6972                	ld	s2,280(sp)
  ea:	6c61                	lui	s8,0x18
  ec:	5349522f          	.4byte	0x5349522f
  f0:	75545643          	.4byte	0x75545643
  f4:	6f74                	ld	a3,216(a4)
  f6:	6972                	ld	s2,280(sp)
  f8:	6c61                	lui	s8,0x18
  fa:	6770662f          	.4byte	0x6770662f
  fe:	2f61                	addiw	t5,t5,24
 100:	542f7773          	csrrci	a4,0x542,30
 104:	4e52                	lw	t3,20(sp)
 106:	52445f47          	.4byte	0x52445f47
 10a:	4742                	lw	a4,16(sp)
 10c:	636e692f          	.4byte	0x636e692f
 110:	756c                	ld	a1,232(a0)
 112:	6564                	ld	s1,200(a0)
 114:	2f00                	.2byte	0x2f00
 116:	6f68                	ld	a0,216(a4)
 118:	656d                	lui	a0,0x1b
 11a:	6375642f          	.4byte	0x6375642f
 11e:	6874                	ld	a3,208(s0)
 120:	6175                	addi	sp,sp,368
 122:	2f6e                	.2byte	0x2f6e
 124:	4952                	lw	s2,20(sp)
 126:	54565343          	.4byte	0x54565343
 12a:	7475                	lui	s0,0xffffd
 12c:	6169726f          	jal	tp,97742 <random_sequence-0x7ff688be>
 130:	2f6c                	.2byte	0x2f6c
 132:	4952                	lw	s2,20(sp)
 134:	54564353          	.4byte	0x54564353
 138:	7475                	lui	s0,0xffffd
 13a:	6169726f          	jal	tp,97750 <random_sequence-0x7ff688b0>
 13e:	2f6c                	.2byte	0x2f6c
 140:	632e                	ld	t1,200(sp)
 142:	61646e6f          	jal	t3,46758 <random_sequence-0x7ffb98a8>
 146:	652d                	lui	a0,0xb
 148:	766e                	ld	a2,248(sp)
 14a:	7369722f          	.4byte	0x7369722f
 14e:	742d7663          	bgeu	s10,sp,89a <random_sequence-0x7ffff766>
 152:	736c6f6f          	jal	t5,c6888 <random_sequence-0x7ff39778>
 156:	62696c2f          	.4byte	0x62696c2f
 15a:	6363672f          	.4byte	0x6363672f
 15e:	7369722f          	.4byte	0x7369722f
 162:	34367663          	bgeu	a2,gp,4ae <random_sequence-0x7ffffb52>
 166:	752d                	lui	a0,0xfffeb
 168:	6b6e                	ld	s6,216(sp)
 16a:	6f6e                	ld	t5,216(sp)
 16c:	652d6e77          	.4byte	0x652d6e77
 170:	666c                	ld	a1,200(a2)
 172:	2e32312f          	.4byte	0x2e32312f
 176:	2e32                	.2byte	0x2e32
 178:	2f30                	.2byte	0x2f30
 17a:	6e69                	lui	t3,0x1a
 17c:	64756c63          	bltu	a0,t2,7d4 <random_sequence-0x7ffff82c>
 180:	0065                	c.nop	25
 182:	6d6f682f          	.4byte	0x6d6f682f
 186:	2f65                	addiw	t5,t5,25
 188:	7564                	ld	s1,232(a0)
 18a:	75687463          	bgeu	a6,s6,8d2 <random_sequence-0x7ffff72e>
 18e:	6e61                	lui	t3,0x18
 190:	4349522f          	.4byte	0x4349522f
 194:	75545653          	.4byte	0x75545653
 198:	6f74                	ld	a3,216(a4)
 19a:	6972                	ld	s2,280(sp)
 19c:	6c61                	lui	s8,0x18
 19e:	5349522f          	.4byte	0x5349522f
 1a2:	75545643          	.4byte	0x75545643
 1a6:	6f74                	ld	a3,216(a4)
 1a8:	6972                	ld	s2,280(sp)
 1aa:	6c61                	lui	s8,0x18
 1ac:	6f632e2f          	.4byte	0x6f632e2f
 1b0:	646e                	ld	s0,216(sp)
 1b2:	2d61                	addiw	s10,s10,24
 1b4:	6e65                	lui	t3,0x19
 1b6:	2f76                	.2byte	0x2f76
 1b8:	6972                	ld	s2,280(sp)
 1ba:	2d766373          	csrrsi	t1,0x2d7,12
 1be:	6f74                	ld	a3,216(a4)
 1c0:	2f736c6f          	jal	s8,36cb6 <random_sequence-0x7ffc934a>
 1c4:	6972                	ld	s2,280(sp)
 1c6:	36766373          	csrrsi	t1,0x367,12
 1ca:	2d34                	.2byte	0x2d34
 1cc:	6e75                	lui	t3,0x1d
 1ce:	776f6e6b          	.4byte	0x776f6e6b
 1d2:	2d6e                	.2byte	0x2d6e
 1d4:	6c65                	lui	s8,0x19
 1d6:	2f66                	.2byte	0x2f66
 1d8:	6e69                	lui	t3,0x1a
 1da:	64756c63          	bltu	a0,t2,832 <random_sequence-0x7ffff7ce>
 1de:	2f65                	addiw	t5,t5,25
 1e0:	616d                	addi	sp,sp,240
 1e2:	6e696863          	bltu	s2,t1,8d2 <random_sequence-0x7ffff72e>
 1e6:	0065                	c.nop	25
 1e8:	6d6f682f          	.4byte	0x6d6f682f
 1ec:	2f65                	addiw	t5,t5,25
 1ee:	7564                	ld	s1,232(a0)
 1f0:	75687463          	bgeu	a6,s6,938 <random_sequence-0x7ffff6c8>
 1f4:	6e61                	lui	t3,0x18
 1f6:	4349522f          	.4byte	0x4349522f
 1fa:	75545653          	.4byte	0x75545653
 1fe:	6f74                	ld	a3,216(a4)
 200:	6972                	ld	s2,280(sp)
 202:	6c61                	lui	s8,0x18
 204:	5349522f          	.4byte	0x5349522f
 208:	75545643          	.4byte	0x75545643
 20c:	6f74                	ld	a3,216(a4)
 20e:	6972                	ld	s2,280(sp)
 210:	6c61                	lui	s8,0x18
 212:	6f632e2f          	.4byte	0x6f632e2f
 216:	646e                	ld	s0,216(sp)
 218:	2d61                	addiw	s10,s10,24
 21a:	6e65                	lui	t3,0x19
 21c:	2f76                	.2byte	0x2f76
 21e:	6972                	ld	s2,280(sp)
 220:	2d766373          	csrrsi	t1,0x2d7,12
 224:	6f74                	ld	a3,216(a4)
 226:	2f736c6f          	jal	s8,36d1c <random_sequence-0x7ffc92e4>
 22a:	6972                	ld	s2,280(sp)
 22c:	36766373          	csrrsi	t1,0x367,12
 230:	2d34                	.2byte	0x2d34
 232:	6e75                	lui	t3,0x1d
 234:	776f6e6b          	.4byte	0x776f6e6b
 238:	2d6e                	.2byte	0x2d6e
 23a:	6c65                	lui	s8,0x19
 23c:	2f66                	.2byte	0x2f66
 23e:	6e69                	lui	t3,0x1a
 240:	64756c63          	bltu	a0,t2,898 <random_sequence-0x7ffff768>
 244:	2f65                	addiw	t5,t5,25
 246:	00737973          	csrrci	s2,0x7,6
 24a:	6972706b          	.4byte	0x6972706b
 24e:	746e                	ld	s0,248(sp)
 250:	2e66                	.2byte	0x2e66
 252:	0068                	addi	a0,sp,12
 254:	61647473          	csrrci	s0,0x616,8
 258:	6772                	ld	a4,280(sp)
 25a:	682e                	ld	a6,200(sp)
 25c:	5f00                	lw	s0,56(a4)
 25e:	6564                	ld	s1,200(a0)
 260:	6166                	ld	sp,88(sp)
 262:	6c75                	lui	s8,0x1d
 264:	5f74                	lw	a3,124(a4)
 266:	7974                	ld	a3,240(a0)
 268:	6570                	ld	a2,200(a0)
 26a:	00682e73          	csrrs	t3,0x6,a6
 26e:	735f 6474 6e69      	.byte	0x5f, 0x73, 0x74, 0x64, 0x69, 0x6e
 274:	2e74                	.2byte	0x2e74
 276:	0068                	addi	a0,sp,12
 278:	6d6f682f          	.4byte	0x6d6f682f
 27c:	2f65                	addiw	t5,t5,25
 27e:	7564                	ld	s1,232(a0)
 280:	75687463          	bgeu	a6,s6,9c8 <random_sequence-0x7ffff638>
 284:	6e61                	lui	t3,0x18
 286:	4349522f          	.4byte	0x4349522f
 28a:	75545653          	.4byte	0x75545653
 28e:	6f74                	ld	a3,216(a4)
 290:	6972                	ld	s2,280(sp)
 292:	6c61                	lui	s8,0x18
 294:	5349522f          	.4byte	0x5349522f
 298:	75545643          	.4byte	0x75545643
 29c:	6f74                	ld	a3,216(a4)
 29e:	6972                	ld	s2,280(sp)
 2a0:	6c61                	lui	s8,0x18
 2a2:	6770662f          	.4byte	0x6770662f
 2a6:	2f61                	addiw	t5,t5,24
 2a8:	542f7773          	csrrci	a4,0x542,30
 2ac:	4e52                	lw	t3,20(sp)
 2ae:	52445f47          	.4byte	0x52445f47
 2b2:	4742                	lw	a4,16(sp)
 2b4:	6372732f          	.4byte	0x6372732f
 2b8:	69616d2f          	.4byte	0x69616d2f
 2bc:	2e6e                	.2byte	0x2e6e
 2be:	63 00             	Address 0x00000000000002be is out of bounds.


Disassembly of section .debug_info:

0000000000000000 <.debug_info>:
   0:	0024                	addi	s1,sp,8
   2:	0000                	unimp
   4:	0005                	c.nop	1
   6:	0801                	addi	a6,a6,0
   8:	0000                	unimp
   a:	0000                	unimp
   c:	0001                	nop
   e:	0000                	unimp
  10:	0000                	unimp
  12:	0000                	unimp
  14:	0080                	addi	s0,sp,64
  16:	0000                	unimp
  18:	3c00                	.2byte	0x3c00
  1a:	0000                	unimp
  1c:	0000                	unimp
  1e:	0048                	addi	a0,sp,4
  20:	0000                	unimp
  22:	0085                	addi	ra,ra,1
  24:	0000                	unimp
  26:	8001                	c.srli64	s0
  28:	028d                	addi	t0,t0,3
  2a:	0000                	unimp
  2c:	0005                	c.nop	1
  2e:	0801                	addi	a6,a6,0
  30:	0014                	.2byte	0x14
  32:	0000                	unimp
  34:	410a                	lw	sp,128(sp)
  36:	0001                	nop
  38:	1d00                	addi	s0,sp,688
  3a:	0085                	addi	ra,ra,1
  3c:	0000                	unimp
  3e:	0000                	unimp
  40:	0000                	unimp
  42:	0038                	addi	a4,sp,8
  44:	8000                	.2byte	0x8000
  46:	0000                	unimp
  48:	0000                	unimp
  4a:	0294                	addi	a3,sp,320
  4c:	0000                	unimp
  4e:	0000                	unimp
  50:	0000                	unimp
  52:	0084                	addi	s1,sp,64
  54:	0000                	unimp
  56:	cf01                	beqz	a4,6e <random_sequence-0x7fffff92>
  58:	0000                	unimp
  5a:	0300                	addi	s0,sp,384
  5c:	1b28                	addi	a0,sp,440
  5e:	003a                	c.slli	zero,0xe
  60:	0000                	unimp
  62:	009b080b          	.4byte	0x9b080b
  66:	0000                	unimp
  68:	d601                	beqz	a2,ffffffffffffff70 <drbgCtrl+0xffffffff7ffff848>
  6a:	0000                	unimp
  6c:	0300                	addi	s0,sp,384
  6e:	002e1863          	bne	t3,sp,7e <random_sequence-0x7fffff82>
  72:	0000                	unimp
  74:	0102                	c.slli64	sp
  76:	e006                	sd	ra,0(sp)
  78:	0000                	unimp
  7a:	0100                	addi	s0,sp,128
  7c:	0091                	addi	ra,ra,4
  7e:	0000                	unimp
  80:	2b04                	.2byte	0x2b04
  82:	5f18                	lw	a4,56(a4)
  84:	0000                	unimp
  86:	0200                	addi	s0,sp,256
  88:	0801                	addi	a6,a6,0
  8a:	00de                	slli	ra,ra,0x17
  8c:	0000                	unimp
  8e:	0202                	c.slli64	tp
  90:	1405                	addi	s0,s0,-31 # ffffffffffffcfe1 <drbgCtrl+0xffffffff7fffc8b9>
  92:	0001                	nop
  94:	0200                	addi	s0,sp,256
  96:	0702                	c.slli64	a4
  98:	00ec                	addi	a1,sp,76
  9a:	0000                	unimp
  9c:	ad01                	j	6ac <random_sequence-0x7ffff954>
  9e:	0000                	unimp
  a0:	0400                	addi	s0,sp,512
  a2:	184d                	addi	a6,a6,-13
  a4:	0080                	addi	s0,sp,64
  a6:	0000                	unimp
  a8:	040c                	addi	a1,sp,512
  aa:	6905                	lui	s2,0x1
  ac:	746e                	ld	s0,248(sp)
  ae:	0100                	addi	s0,sp,128
  b0:	00ff                	.2byte	0xff
  b2:	0000                	unimp
  b4:	4f04                	lw	s1,24(a4)
  b6:	9319                	srli	a4,a4,0x26
  b8:	0000                	unimp
  ba:	0200                	addi	s0,sp,256
  bc:	0704                	addi	s1,sp,896
  be:	00000203          	lb	tp,0(zero) # 0 <random_sequence-0x80000000>
  c2:	0802                	c.slli64	a6
  c4:	2905                	addiw	s2,s2,1 # 1001 <random_sequence-0x7fffefff>
  c6:	0002                	c.slli64	zero
  c8:	0100                	addi	s0,sp,128
  ca:	011e                	slli	sp,sp,0x7
  cc:	0000                	unimp
  ce:	6904                	ld	s1,16(a0)
  d0:	ad19                	j	6e6 <random_sequence-0x7ffff91a>
  d2:	0000                	unimp
  d4:	0200                	addi	s0,sp,256
  d6:	0708                	addi	a0,sp,896
  d8:	01fe                	slli	gp,gp,0x1f
  da:	0000                	unimp
  dc:	9301                	srli	a4,a4,0x20
  de:	0000                	unimp
  e0:	0500                	addi	s0,sp,640
  e2:	1318                	addi	a4,sp,416
  e4:	00000053          	.4byte	0x53
  e8:	af01                	j	7f8 <random_sequence-0x7ffff808>
  ea:	0000                	unimp
  ec:	0500                	addi	s0,sp,640
  ee:	132c                	addi	a1,sp,424
  f0:	0074                	addi	a3,sp,12
  f2:	0000                	unimp
  f4:	0101                	addi	sp,sp,0
  f6:	0001                	nop
  f8:	0500                	addi	s0,sp,640
  fa:	1430                	addi	a2,sp,552
  fc:	00000087          	.4byte	0x87
 100:	cc0d                	beqz	s0,13a <random_sequence-0x7ffffec6>
 102:	0000                	unimp
 104:	0100                	addi	s0,sp,128
 106:	0120                	addi	s0,sp,136
 108:	0000                	unimp
 10a:	3c05                	addiw	s8,s8,-31 # 17fe1 <random_sequence-0x7ffe801f>
 10c:	a114                	.2byte	0xa114
 10e:	0000                	unimp
 110:	0400                	addi	s0,sp,512
 112:	0130                	addi	a2,sp,136
 114:	0000                	unimp
 116:	1301                	addi	t1,t1,-32
 118:	0422                	slli	s0,s0,0x8
 11a:	0001                	nop
 11c:	0900                	addi	s0,sp,144
 11e:	0006e803          	lwu	a6,0(a3)
 122:	0080                	addi	s0,sp,64
 124:	0000                	unimp
 126:	0600                	addi	s0,sp,768
 128:	00d8                	addi	a4,sp,68
 12a:	0000                	unimp
 12c:	0000ff07          	.4byte	0xff07
 130:	0800                	addi	s0,sp,16
 132:	000000c7          	.4byte	0xc7
 136:	e416                	sd	t0,8(sp)
 138:	0000                	unimp
 13a:	0080                	addi	s0,sp,64
 13c:	0000                	unimp
 13e:	e800                	sd	s0,16(s0)
 140:	0001                	nop
 142:	0000                	unimp
 144:	0000                	unimp
 146:	0100                	addi	s0,sp,128
 148:	d29c                	sw	a5,32(a3)
 14a:	0001                	nop
 14c:	0500                	addi	s0,sp,640
 14e:	6d66                	ld	s10,88(sp)
 150:	0074                	addi	a3,sp,12
 152:	1602                	slli	a2,a2,0x20
 154:	d21a                	sw	t1,36(sp)
 156:	0001                	nop
 158:	0300                	addi	s0,sp,384
 15a:	8891                	andi	s1,s1,4
 15c:	0e7f                	.2byte	0xe7f
 15e:	006c7603          	.4byte	0x6c7603
 162:	1802                	slli	a6,a6,0x20
 164:	400d                	c.li	zero,3
 166:	0000                	unimp
 168:	0300                	addi	s0,sp,384
 16a:	9091                	srli	s1,s1,0x24
 16c:	047f                	.2byte	0x47f
 16e:	010a                	slli	sp,sp,0x2
 170:	0000                	unimp
 172:	1902                	slli	s2,s2,0x20
 174:	e30a                	sd	sp,384(sp)
 176:	0001                	nop
 178:	0300                	addi	s0,sp,384
 17a:	af91                	j	8ce <random_sequence-0x7ffff732>
 17c:	047f                	.2byte	0x47f
 17e:	000000b7          	lui	ra,0x0
 182:	1a02                	slli	s4,s4,0x20
 184:	e30a                	sd	sp,384(sp)
 186:	0001                	nop
 188:	0300                	addi	s0,sp,384
 18a:	ae91                	j	4de <random_sequence-0x7ffffb22>
 18c:	037f                	.2byte	0x37f
 18e:	1b020063          	beq	tp,a6,32e <random_sequence-0x7ffffcd2>
 192:	d70a                	sw	sp,172(sp)
 194:	0001                	nop
 196:	0300                	addi	s0,sp,384
 198:	9a91                	andi	a3,a3,-28
 19a:	097f                	.2byte	0x97f
 19c:	0176                	slli	sp,sp,0x1d
 19e:	8000                	.2byte	0x8000
 1a0:	0000                	unimp
 1a2:	0000                	unimp
 1a4:	00ce                	slli	ra,ra,0x13
 1a6:	0000                	unimp
 1a8:	0000                	unimp
 1aa:	0000                	unimp
 1ac:	02006e03          	lwu	t3,32(zero) # 20 <random_sequence-0x7fffffe0>
 1b0:	00dd1a27          	.4byte	0xdd1a27
 1b4:	0000                	unimp
 1b6:	7fa09103          	lh	sp,2042(ra) # 7fa <random_sequence-0x7ffff806>
 1ba:	02006903          	lwu	s2,32(zero) # 20 <random_sequence-0x7fffffe0>
 1be:	1528                	addi	a0,sp,680
 1c0:	0080                	addi	s0,sp,64
 1c2:	0000                	unimp
 1c4:	7f9c9103          	lh	sp,2041(s9)
 1c8:	bf04                	.2byte	0xbf04
 1ca:	0000                	unimp
 1cc:	0200                	addi	s0,sp,256
 1ce:	1629                	addi	a2,a2,-22
 1d0:	000001e3          	beqz	zero,9d2 <random_sequence-0x7ffff62e>
 1d4:	7f9b9103          	lh	sp,2041(s7)
 1d8:	c609                	beqz	a2,1e2 <random_sequence-0x7ffffe1e>
 1da:	0001                	nop
 1dc:	0080                	addi	s0,sp,64
 1de:	0000                	unimp
 1e0:	6800                	ld	s0,16(s0)
 1e2:	0000                	unimp
 1e4:	0000                	unimp
 1e6:	0000                	unimp
 1e8:	0300                	addi	s0,sp,384
 1ea:	0064                	addi	s1,sp,12
 1ec:	3102                	.2byte	0x3102
 1ee:	b41d                	j	fffffffffffffc14 <drbgCtrl+0xffffffff7ffff4ec>
 1f0:	0000                	unimp
 1f2:	0300                	addi	s0,sp,384
 1f4:	9991                	andi	a1,a1,-28
 1f6:	007f                	.2byte	0x7f
 1f8:	0000                	unimp
 1fa:	de06                	sw	ra,60(sp)
 1fc:	0001                	nop
 1fe:	0200                	addi	s0,sp,256
 200:	0801                	addi	a6,a6,0
 202:	000000e7          	jalr	zero # 0 <random_sequence-0x80000000>
 206:	0001d707          	.4byte	0x1d707
 20a:	0200                	addi	s0,sp,256
 20c:	0201                	addi	tp,tp,0 # 0 <random_sequence-0x80000000>
 20e:	0000013b          	addw	sp,zero,zero
 212:	2a08                	.2byte	0x2a08
 214:	0001                	nop
 216:	0f00                	addi	s0,sp,912
 218:	00ba                	slli	ra,ra,0xe
 21a:	8000                	.2byte	0x8000
 21c:	0000                	unimp
 21e:	0000                	unimp
 220:	002a                	c.slli	zero,0xa
 222:	0000                	unimp
 224:	0000                	unimp
 226:	0000                	unimp
 228:	9c01                	subw	s0,s0,s0
 22a:	0214                	addi	a3,sp,256
 22c:	0000                	unimp
 22e:	7305                	lui	t1,0xfffe1
 230:	0200                	addi	s0,sp,256
 232:	01d2180f          	.4byte	0x1d2180f
 236:	0000                	unimp
 238:	9102                	jalr	sp
 23a:	0068                	addi	a0,sp,12
 23c:	0001290f          	.4byte	0x1290f
 240:	0200                	addi	s0,sp,256
 242:	1408                	addi	a0,sp,544
 244:	0076                	c.slli	zero,0x1d
 246:	8000                	.2byte	0x8000
 248:	0000                	unimp
 24a:	0000                	unimp
 24c:	0044                	addi	s1,sp,4
 24e:	0000                	unimp
 250:	0000                	unimp
 252:	0000                	unimp
 254:	9c01                	subw	s0,s0,s0
 256:	024d                	addi	tp,tp,19 # 13 <random_sequence-0x7fffffed>
 258:	0000                	unimp
 25a:	7305                	lui	t1,0xfffe1
 25c:	0200                	addi	s0,sp,256
 25e:	2708                	.2byte	0x2708
 260:	01d2                	slli	gp,gp,0x14
 262:	0000                	unimp
 264:	9102                	jalr	sp
 266:	0358                	addi	a4,sp,388
 268:	0a020063          	beqz	tp,308 <random_sequence-0x7ffffcf8>
 26c:	0001d707          	.4byte	0x1d707
 270:	0200                	addi	s0,sp,256
 272:	6f91                	lui	t6,0x4
 274:	1000                	addi	s0,sp,32
 276:	0135                	addi	sp,sp,13
 278:	0000                	unimp
 27a:	1501                	addi	a0,a0,-32 # fffffffffffeafe0 <drbgCtrl+0xffffffff7ffea8b8>
 27c:	3814                	.2byte	0x3814
 27e:	0000                	unimp
 280:	0080                	addi	s0,sp,64
 282:	0000                	unimp
 284:	3e00                	.2byte	0x3e00
 286:	0000                	unimp
 288:	0000                	unimp
 28a:	0000                	unimp
 28c:	0100                	addi	s0,sp,128
 28e:	059c                	addi	a5,sp,704
 290:	15010063          	beq	sp,a6,3d0 <random_sequence-0x7ffffc30>
 294:	d71f 0001 0200      	.byte	0x1f, 0xd7, 0x01, 0x00, 0x00, 0x02
 29a:	5f91                	li	t6,-28
 29c:	00787403          	.4byte	0x787403
 2a0:	1701                	addi	a4,a4,-32
 2a2:	ff15                	bnez	a4,1de <random_sequence-0x7ffffe22>
 2a4:	0000                	unimp
 2a6:	0200                	addi	s0,sp,256
 2a8:	6891                	lui	a7,0x4
 2aa:	01007203          	.4byte	0x1007203
 2ae:	0a19                	addi	s4,s4,6
 2b0:	00c0                	addi	s0,sp,68
 2b2:	0000                	unimp
 2b4:	9102                	jalr	sp
 2b6:	0064                	addi	s1,sp,12
 2b8:	3e00                	.2byte	0x3e00
 2ba:	0004                	.2byte	0x4
 2bc:	0500                	addi	s0,sp,640
 2be:	0100                	addi	s0,sp,128
 2c0:	fc08                	sd	a0,56(s0)
 2c2:	0000                	unimp
 2c4:	1000                	addi	s0,sp,32
 2c6:	0141                	addi	sp,sp,16
 2c8:	0000                	unimp
 2ca:	781d                	lui	a6,0xfffe7
 2cc:	0002                	c.slli64	zero
 2ce:	0000                	unimp
 2d0:	0000                	unimp
 2d2:	cc00                	sw	s0,24(s0)
 2d4:	0002                	c.slli64	zero
 2d6:	0080                	addi	s0,sp,64
 2d8:	0000                	unimp
 2da:	d800                	sw	s0,48(s0)
 2dc:	00000003          	lb	zero,0(zero) # 0 <random_sequence-0x80000000>
 2e0:	0000                	unimp
 2e2:	2a00                	.2byte	0x2a00
 2e4:	01000003          	lb	zero,16(zero) # 10 <random_sequence-0x7ffffff0>
 2e8:	0601                	addi	a2,a2,0
 2ea:	00e0                	addi	s0,sp,76
 2ec:	0000                	unimp
 2ee:	9104                	.2byte	0x9104
 2f0:	0000                	unimp
 2f2:	0200                	addi	s0,sp,256
 2f4:	0041182b          	.4byte	0x41182b
 2f8:	0000                	unimp
 2fa:	0101                	addi	sp,sp,0
 2fc:	de08                	sw	a0,56(a2)
 2fe:	0000                	unimp
 300:	0100                	addi	s0,sp,128
 302:	0502                	c.slli64	a0
 304:	0114                	addi	a3,sp,128
 306:	0000                	unimp
 308:	0201                	addi	tp,tp,0 # 0 <random_sequence-0x80000000>
 30a:	0000ec07          	.4byte	0xec07
 30e:	1100                	addi	s0,sp,160
 310:	0504                	addi	s1,sp,640
 312:	6e69                	lui	t3,0x1a
 314:	0074                	addi	a3,sp,12
 316:	ff04                	sd	s1,56(a4)
 318:	0000                	unimp
 31a:	0200                	addi	s0,sp,256
 31c:	0069194f          	.4byte	0x69194f
 320:	0000                	unimp
 322:	0401                	addi	s0,s0,0
 324:	00020307          	.4byte	0x20307
 328:	0100                	addi	s0,sp,128
 32a:	0508                	addi	a0,sp,640
 32c:	0229                	addi	tp,tp,10 # a <random_sequence-0x7ffffff6>
 32e:	0000                	unimp
 330:	1e04                	addi	s1,sp,816
 332:	0001                	nop
 334:	0200                	addi	s0,sp,256
 336:	1969                	addi	s2,s2,-6
 338:	00000083          	lb	ra,0(zero) # 0 <random_sequence-0x80000000>
 33c:	0801                	addi	a6,a6,0 # fffffffffffe7000 <drbgCtrl+0xffffffff7ffe68d8>
 33e:	0001fe07          	.4byte	0x1fe07
 342:	0400                	addi	s0,sp,512
 344:	00000093          	li	ra,0
 348:	35131803          	lh	a6,849(t1) # fffffffffffe1351 <drbgCtrl+0xffffffff7ffe0c29>
 34c:	0000                	unimp
 34e:	0400                	addi	s0,sp,512
 350:	0101                	addi	sp,sp,0
 352:	0000                	unimp
 354:	5d143003          	ld	zero,1489(s0)
 358:	0000                	unimp
 35a:	1200                	addi	s0,sp,288
 35c:	0096                	slli	ra,ra,0x5
 35e:	0000                	unimp
 360:	2004                	.2byte	0x2004
 362:	0001                	nop
 364:	0300                	addi	s0,sp,384
 366:	143c                	addi	a5,sp,552
 368:	00000077          	.4byte	0x77
 36c:	0801                	addi	a6,a6,0
 36e:	2405                	addiw	s0,s0,1
 370:	0002                	c.slli64	zero
 372:	0100                	addi	s0,sp,128
 374:	0410                	addi	a2,sp,512
 376:	0256                	slli	tp,tp,0x15
 378:	0000                	unimp
 37a:	01010813          	addi	a6,sp,16
 37e:	e708                	sd	a0,8(a4)
 380:	0000                	unimp
 382:	0900                	addi	s0,sp,144
 384:	000000c3          	.4byte	0xc3
 388:	0000ca07          	.4byte	0xca07
 38c:	0100                	addi	s0,sp,128
 38e:	0708                	addi	a0,sp,896
 390:	01f9                	addi	gp,gp,30
 392:	0000                	unimp
 394:	300a                	.2byte	0x300a
 396:	0001                	nop
 398:	0400                	addi	s0,sp,512
 39a:	00f62213          	slti	tp,a2,15
 39e:	0000                	unimp
 3a0:	0309                	addi	t1,t1,2
 3a2:	06f0                	addi	a2,sp,844
 3a4:	8000                	.2byte	0x8000
 3a6:	0000                	unimp
 3a8:	0000                	unimp
 3aa:	0000a207          	.4byte	0xa207
 3ae:	0900                	addi	s0,sp,144
 3b0:	00f1                	addi	ra,ra,28
 3b2:	0000                	unimp
 3b4:	0000a70b          	.4byte	0xa70b
 3b8:	0b00                	addi	s0,sp,400
 3ba:	0001                	nop
 3bc:	0c00                	addi	s0,sp,528
 3be:	00000083          	lb	ra,0(zero) # 0 <random_sequence-0x80000000>
 3c2:	0005                	c.nop	1
 3c4:	5108                	lw	a0,32(a0)
 3c6:	0002                	c.slli64	zero
 3c8:	7200                	ld	s0,32(a2)
 3ca:	000000fb          	.4byte	0xfb
 3ce:	0309                	addi	t1,t1,2
 3d0:	06f8                	addi	a4,sp,844
 3d2:	8000                	.2byte	0x8000
 3d4:	0000                	unimp
 3d6:	0000                	unimp
 3d8:	0000a70b          	.4byte	0xa70b
 3dc:	2f00                	.2byte	0x2f00
 3de:	0001                	nop
 3e0:	0c00                	addi	s0,sp,528
 3e2:	00000083          	lb	ra,0(zero) # 0 <random_sequence-0x80000000>
 3e6:	d4080007          	.4byte	0xd4080007
 3ea:	0001                	nop
 3ec:	7500                	ld	s0,40(a0)
 3ee:	011f 0000 0309      	.byte	0x1f, 0x01, 0x00, 0x00, 0x09, 0x03
 3f4:	0000                	unimp
 3f6:	8000                	.2byte	0x8000
 3f8:	0000                	unimp
 3fa:	0000                	unimp
 3fc:	c608                	sw	a0,8(a2)
 3fe:	0001                	nop
 400:	7600                	ld	s0,40(a2)
 402:	000000a7          	.4byte	0xa7
 406:	0309                	addi	t1,t1,2
 408:	0728                	addi	a0,sp,904
 40a:	8000                	.2byte	0x8000
 40c:	0000                	unimp
 40e:	0000                	unimp
 410:	c714                	sw	a3,8(a4)
 412:	0000                	unimp
 414:	0400                	addi	s0,sp,512
 416:	016a0d27          	.4byte	0x16a0d27
 41a:	0000                	unimp
 41c:	cf15                	beqz	a4,458 <random_sequence-0x7ffffba8>
 41e:	0000                	unimp
 420:	1600                	addi	s0,sp,800
 422:	1700                	addi	s0,sp,928
 424:	0210                	addi	a2,sp,256
 426:	0000                	unimp
 428:	7801                	lui	a6,0xfffe0
 42a:	5605                	li	a2,-31
 42c:	0000                	unimp
 42e:	7800                	ld	s0,48(s0)
 430:	0006                	c.slli	zero,0x1
 432:	0080                	addi	s0,sp,64
 434:	0000                	unimp
 436:	2c00                	.2byte	0x2c00
 438:	0000                	unimp
 43a:	0000                	unimp
 43c:	0000                	unimp
 43e:	0100                	addi	s0,sp,128
 440:	0d9c                	addi	a5,sp,720
 442:	01b6                	slli	gp,gp,0xd
 444:	0000                	unimp
 446:	da58                	sw	a4,52(a2)
 448:	0004                	.2byte	0x4
 44a:	0080                	addi	s0,sp,64
 44c:	0000                	unimp
 44e:	9e00                	.2byte	0x9e00
 450:	0001                	nop
 452:	0000                	unimp
 454:	0000                	unimp
 456:	0100                	addi	s0,sp,128
 458:	989c                	.2byte	0x989c
 45a:	0002                	c.slli64	zero
 45c:	0200                	addi	s0,sp,256
 45e:	01c6                	slli	gp,gp,0x11
 460:	0000                	unimp
 462:	1c58                	addi	a4,sp,564
 464:	00c1                	addi	ra,ra,16
 466:	0000                	unimp
 468:	9102                	jalr	sp
 46a:	0248                	addi	a0,sp,260
 46c:	0251                	addi	tp,tp,20 # 14 <random_sequence-0x7fffffec>
 46e:	0000                	unimp
 470:	3058                	.2byte	0x3058
 472:	0298                	addi	a4,sp,320
 474:	0000                	unimp
 476:	9102                	jalr	sp
 478:	0e40                	addi	s0,sp,788
 47a:	6e72                	ld	t3,280(sp)
 47c:	40580073          	.4byte	0x40580073
 480:	0298                	addi	a4,sp,320
 482:	0000                	unimp
 484:	7fb89103          	lh	sp,2043(a7) # 47fb <random_sequence-0x7fffb805>
 488:	1c05                	addi	s8,s8,-31
 48a:	0005                	c.nop	1
 48c:	0080                	addi	s0,sp,64
 48e:	0000                	unimp
 490:	2000                	.2byte	0x2000
 492:	0000                	unimp
 494:	0000                	unimp
 496:	0000                	unimp
 498:	f100                	sd	s0,32(a0)
 49a:	0001                	nop
 49c:	0300                	addi	s0,sp,384
 49e:	0069                	c.nop	26
 4a0:	125d                	addi	tp,tp,-9 # fffffffffffffff7 <drbgCtrl+0xffffffff7ffff8cf>
 4a2:	008a                	slli	ra,ra,0x2
 4a4:	0000                	unimp
 4a6:	9102                	jalr	sp
 4a8:	005f 4805 0005      	.byte	0x5f, 0x00, 0x05, 0x48, 0x05, 0x00
 4ae:	0080                	addi	s0,sp,64
 4b0:	0000                	unimp
 4b2:	3c00                	.2byte	0x3c00
 4b4:	0000                	unimp
 4b6:	0000                	unimp
 4b8:	0000                	unimp
 4ba:	1300                	addi	s0,sp,416
 4bc:	0002                	c.slli64	zero
 4be:	0300                	addi	s0,sp,384
 4c0:	0069                	c.nop	26
 4c2:	125f 008a 0000      	.byte	0x5f, 0x12, 0x8a, 0x00, 0x00, 0x00
 4c8:	9102                	jalr	sp
 4ca:	005e                	c.slli	zero,0x17
 4cc:	8e05                	sub	a2,a2,s1
 4ce:	0005                	c.nop	1
 4d0:	0080                	addi	s0,sp,64
 4d2:	0000                	unimp
 4d4:	2000                	.2byte	0x2000
 4d6:	0000                	unimp
 4d8:	0000                	unimp
 4da:	0000                	unimp
 4dc:	3500                	.2byte	0x3500
 4de:	0002                	c.slli64	zero
 4e0:	0300                	addi	s0,sp,384
 4e2:	0069                	c.nop	26
 4e4:	008a1263          	bne	s4,s0,4e8 <random_sequence-0x7ffffb18>
 4e8:	0000                	unimp
 4ea:	9102                	jalr	sp
 4ec:	005d                	c.nop	23
 4ee:	c605                	beqz	a2,516 <random_sequence-0x7ffffaea>
 4f0:	0005                	c.nop	1
 4f2:	0080                	addi	s0,sp,64
 4f4:	0000                	unimp
 4f6:	2000                	.2byte	0x2000
 4f8:	0000                	unimp
 4fa:	0000                	unimp
 4fc:	0000                	unimp
 4fe:	5700                	lw	s0,40(a4)
 500:	0002                	c.slli64	zero
 502:	0300                	addi	s0,sp,384
 504:	0069                	c.nop	26
 506:	1266                	slli	tp,tp,0x39
 508:	008a                	slli	ra,ra,0x2
 50a:	0000                	unimp
 50c:	9102                	jalr	sp
 50e:	005c                	addi	a5,sp,4
 510:	e605                	bnez	a2,538 <random_sequence-0x7ffffac8>
 512:	0005                	c.nop	1
 514:	0080                	addi	s0,sp,64
 516:	0000                	unimp
 518:	3e00                	.2byte	0x3e00
 51a:	0000                	unimp
 51c:	0000                	unimp
 51e:	0000                	unimp
 520:	7900                	ld	s0,48(a0)
 522:	0002                	c.slli64	zero
 524:	0300                	addi	s0,sp,384
 526:	0069                	c.nop	26
 528:	1268                	addi	a0,sp,300
 52a:	008a                	slli	ra,ra,0x2
 52c:	0000                	unimp
 52e:	9102                	jalr	sp
 530:	3006005b          	.4byte	0x3006005b
 534:	0006                	c.slli	zero,0x1
 536:	0080                	addi	s0,sp,64
 538:	0000                	unimp
 53a:	3a00                	.2byte	0x3a00
 53c:	0000                	unimp
 53e:	0000                	unimp
 540:	0000                	unimp
 542:	0300                	addi	s0,sp,384
 544:	0069                	c.nop	26
 546:	126c                	addi	a1,sp,300
 548:	008a                	slli	ra,ra,0x2
 54a:	0000                	unimp
 54c:	9102                	jalr	sp
 54e:	005a                	c.slli	zero,0x16
 550:	0700                	addi	s0,sp,896
 552:	000000a7          	.4byte	0xa7
 556:	e40d                	bnez	s0,580 <random_sequence-0x7ffffa80>
 558:	0001                	nop
 55a:	4800                	lw	s0,16(s0)
 55c:	03de                	slli	t2,t2,0x17
 55e:	8000                	.2byte	0x8000
 560:	0000                	unimp
 562:	0000                	unimp
 564:	00fc                	addi	a5,sp,76
 566:	0000                	unimp
 568:	0000                	unimp
 56a:	0000                	unimp
 56c:	9c01                	subw	s0,s0,s0
 56e:	0316                	slli	t1,t1,0x5
 570:	0000                	unimp
 572:	c602                	sw	zero,12(sp)
 574:	0001                	nop
 576:	4800                	lw	s0,16(s0)
 578:	c116                	sw	t0,128(sp)
 57a:	0000                	unimp
 57c:	0200                	addi	s0,sp,256
 57e:	4891                	li	a7,4
 580:	720e                	ld	tp,224(sp)
 582:	736e                	ld	t1,248(sp)
 584:	4800                	lw	s0,16(s0)
 586:	982a                	add	a6,a6,a0
 588:	0002                	c.slli64	zero
 58a:	0200                	addi	s0,sp,256
 58c:	4091                	li	ra,4
 58e:	3605                	addiw	a2,a2,-31
 590:	0004                	.2byte	0x4
 592:	0080                	addi	s0,sp,64
 594:	0000                	unimp
 596:	5200                	lw	s0,32(a2)
 598:	0000                	unimp
 59a:	0000                	unimp
 59c:	0000                	unimp
 59e:	f700                	sd	s0,40(a4)
 5a0:	0002                	c.slli64	zero
 5a2:	0300                	addi	s0,sp,384
 5a4:	0069                	c.nop	26
 5a6:	008a124f          	.4byte	0x8a124f
 5aa:	0000                	unimp
 5ac:	9102                	jalr	sp
 5ae:	005f 8806 0004      	.byte	0x5f, 0x00, 0x06, 0x88, 0x04, 0x00
 5b4:	0080                	addi	s0,sp,64
 5b6:	0000                	unimp
 5b8:	4400                	lw	s0,8(s0)
 5ba:	0000                	unimp
 5bc:	0000                	unimp
 5be:	0000                	unimp
 5c0:	0300                	addi	s0,sp,384
 5c2:	0069                	c.nop	26
 5c4:	008a1253          	.4byte	0x8a1253
 5c8:	0000                	unimp
 5ca:	9102                	jalr	sp
 5cc:	005e                	c.slli	zero,0x17
 5ce:	0f00                	addi	s0,sp,912
 5d0:	0242                	slli	tp,tp,0x10
 5d2:	0000                	unimp
 5d4:	0056053f 03b60000 	.8byte	0x3b600000056053f
 5dc:	8000                	.2byte	0x8000
 5de:	0000                	unimp
 5e0:	0000                	unimp
 5e2:	0028                	addi	a0,sp,8
 5e4:	0000                	unimp
 5e6:	0000                	unimp
 5e8:	0000                	unimp
 5ea:	9c01                	subw	s0,s0,s0
 5ec:	0346                	slli	t1,t1,0x11
 5ee:	0000                	unimp
 5f0:	c602                	sw	zero,12(sp)
 5f2:	0001                	nop
 5f4:	3f00                	.2byte	0x3f00
 5f6:	c11a                	sw	t1,128(sp)
 5f8:	0000                	unimp
 5fa:	0200                	addi	s0,sp,256
 5fc:	6891                	lui	a7,0x4
 5fe:	1800                	addi	s0,sp,48
 600:	0232                	slli	tp,tp,0xc
 602:	0000                	unimp
 604:	3801                	addiw	a6,a6,-32 # fffffffffffdffe0 <drbgCtrl+0xffffffff7ffdf8b8>
 606:	6c06                	ld	s8,64(sp)
 608:	00800003          	lb	zero,8(zero) # 8 <random_sequence-0x7ffffff8>
 60c:	0000                	unimp
 60e:	4a00                	lw	s0,16(a2)
 610:	0000                	unimp
 612:	0000                	unimp
 614:	0000                	unimp
 616:	0100                	addi	s0,sp,128
 618:	8f9c                	.2byte	0x8f9c
 61a:	02000003          	lb	zero,32(zero) # 20 <random_sequence-0x7fffffe0>
 61e:	01c6                	slli	gp,gp,0x11
 620:	0000                	unimp
 622:	1c38                	addi	a4,sp,568
 624:	00c1                	addi	ra,ra,16
 626:	0000                	unimp
 628:	9102                	jalr	sp
 62a:	0268                	addi	a0,sp,268
 62c:	000001cf          	.4byte	0x1cf
 630:	2e38                	.2byte	0x2e38
 632:	008a                	slli	ra,ra,0x2
 634:	0000                	unimp
 636:	9102                	jalr	sp
 638:	021f0267          	jalr	tp,33(t5)
 63c:	0000                	unimp
 63e:	3d38                	.2byte	0x3d38
 640:	000000a7          	.4byte	0xa7
 644:	9102                	jalr	sp
 646:	0058                	addi	a4,sp,4
 648:	0002150f          	.4byte	0x2150f
 64c:	3000                	.2byte	0x3000
 64e:	a70a                	.2byte	0xa70a
 650:	0000                	unimp
 652:	1600                	addi	s0,sp,800
 654:	00800003          	lb	zero,8(zero) # 8 <random_sequence-0x7ffffff8>
 658:	0000                	unimp
 65a:	5600                	lw	s0,40(a2)
 65c:	0000                	unimp
 65e:	0000                	unimp
 660:	0000                	unimp
 662:	0100                	addi	s0,sp,128
 664:	fa9c                	sd	a5,48(a3)
 666:	02000003          	lb	zero,32(zero) # 20 <random_sequence-0x7fffffe0>
 66a:	01c6                	slli	gp,gp,0x11
 66c:	0000                	unimp
 66e:	1f30                	addi	a2,sp,952
 670:	00c1                	addi	ra,ra,16
 672:	0000                	unimp
 674:	9102                	jalr	sp
 676:	0258                	addi	a4,sp,260
 678:	000001cf          	.4byte	0x1cf
 67c:	3130                	.2byte	0x3130
 67e:	008a                	slli	ra,ra,0x2
 680:	0000                	unimp
 682:	9102                	jalr	sp
 684:	021a0a57          	.4byte	0x21a0a57
 688:	0000                	unimp
 68a:	3101                	addiw	sp,sp,-32
 68c:	a70d                	j	dae <random_sequence-0x7ffff252>
 68e:	0000                	unimp
 690:	0200                	addi	s0,sp,256
 692:	6091                	lui	ra,0x4
 694:	3206                	.2byte	0x3206
 696:	00800003          	lb	zero,8(zero) # 8 <random_sequence-0x7ffffff8>
 69a:	0000                	unimp
 69c:	2000                	.2byte	0x2000
 69e:	0000                	unimp
 6a0:	0000                	unimp
 6a2:	0000                	unimp
 6a4:	0300                	addi	s0,sp,384
 6a6:	0069                	c.nop	26
 6a8:	008a1133          	sll	sp,s4,s0
 6ac:	0000                	unimp
 6ae:	9102                	jalr	sp
 6b0:	1900006f          	j	840 <random_sequence-0x7ffff7c0>
 6b4:	01ee                	slli	gp,gp,0x1b
 6b6:	0000                	unimp
 6b8:	2501                	sext.w	a0,a0
 6ba:	cc06                	sw	ra,24(sp)
 6bc:	0002                	c.slli64	zero
 6be:	0080                	addi	s0,sp,64
 6c0:	0000                	unimp
 6c2:	4a00                	lw	s0,16(a2)
 6c4:	0000                	unimp
 6c6:	0000                	unimp
 6c8:	0000                	unimp
 6ca:	0100                	addi	s0,sp,128
 6cc:	029c                	addi	a5,sp,320
 6ce:	01c6                	slli	gp,gp,0x11
 6d0:	0000                	unimp
 6d2:	1725                	addi	a4,a4,-23
 6d4:	00c1                	addi	ra,ra,16 # 4010 <random_sequence-0x7fffbff0>
 6d6:	0000                	unimp
 6d8:	9102                	jalr	sp
 6da:	0658                	addi	a4,sp,772
 6dc:	02e2                	slli	t0,t0,0x18
 6de:	8000                	.2byte	0x8000
 6e0:	0000                	unimp
 6e2:	0000                	unimp
 6e4:	0020                	addi	s0,sp,8
 6e6:	0000                	unimp
 6e8:	0000                	unimp
 6ea:	0000                	unimp
 6ec:	2c006903          	lwu	s2,704(zero) # 2c0 <random_sequence-0x7ffffd40>
 6f0:	560d                	li	a2,-29
 6f2:	0000                	unimp
 6f4:	0200                	addi	s0,sp,256
 6f6:	6c91                	lui	s9,0x4
 6f8:	0000                	unimp
	...

Disassembly of section .debug_abbrev:

0000000000000000 <.debug_abbrev>:
   0:	1101                	addi	sp,sp,-32
   2:	1000                	addi	s0,sp,32
   4:	12011117          	auipc	sp,0x12011
   8:	1b0e030f          	.4byte	0x1b0e030f
   c:	250e                	.2byte	0x250e
   e:	130e                	slli	t1,t1,0x23
  10:	0005                	c.nop	1
  12:	0000                	unimp
  14:	1601                	addi	a2,a2,-32
  16:	0300                	addi	s0,sp,384
  18:	3a0e                	.2byte	0x3a0e
  1a:	390b3b0b          	.4byte	0x390b3b0b
  1e:	0013490b          	.4byte	0x13490b
  22:	0200                	addi	s0,sp,256
  24:	0024                	addi	s1,sp,8
  26:	0b3e0b0b          	.4byte	0xb3e0b0b
  2a:	00000e03          	lb	t3,0(zero) # 0 <random_sequence-0x80000000>
  2e:	03003403          	ld	s0,48(zero) # 30 <random_sequence-0x7fffffd0>
  32:	3a08                	.2byte	0x3a08
  34:	390b3b0b          	.4byte	0x390b3b0b
  38:	0213490b          	.4byte	0x213490b
  3c:	0018                	.2byte	0x18
  3e:	0400                	addi	s0,sp,512
  40:	0034                	addi	a3,sp,8
  42:	0b3a0e03          	lb	t3,179(s4)
  46:	0b390b3b          	.4byte	0xb390b3b
  4a:	1349                	addi	t1,t1,-14
  4c:	1802                	slli	a6,a6,0x20
  4e:	0000                	unimp
  50:	0505                	addi	a0,a0,1
  52:	0300                	addi	s0,sp,384
  54:	3a08                	.2byte	0x3a08
  56:	390b3b0b          	.4byte	0x390b3b0b
  5a:	0213490b          	.4byte	0x213490b
  5e:	0018                	.2byte	0x18
  60:	0600                	addi	s0,sp,768
  62:	210b000f          	.4byte	0x210b000f
  66:	4908                	lw	a0,16(a0)
  68:	07000013          	li	zero,112
  6c:	0026                	c.slli	zero,0x9
  6e:	1349                	addi	t1,t1,-14
  70:	0000                	unimp
  72:	2e08                	.2byte	0x2e08
  74:	3f01                	addiw	t5,t5,-32
  76:	0319                	addi	t1,t1,6
  78:	3a0e                	.2byte	0x3a0e
  7a:	0221                	addi	tp,tp,8 # 8 <random_sequence-0x7ffffff8>
  7c:	21390b3b          	.4byte	0x21390b3b
  80:	2706                	.2byte	0x2706
  82:	1119                	addi	sp,sp,-26 # 12010fea <random_sequence-0x6dfef016>
  84:	1201                	addi	tp,tp,-32 # ffffffffffffffe0 <drbgCtrl+0xffffffff7ffff8b8>
  86:	7c184007          	.4byte	0x7c184007
  8a:	0119                	addi	sp,sp,6
  8c:	09000013          	li	zero,144
  90:	0111010b          	.4byte	0x111010b
  94:	0712                	slli	a4,a4,0x4
  96:	0000                	unimp
  98:	110a                	slli	sp,sp,0x22
  9a:	2501                	sext.w	a0,a0
  9c:	130e                	slli	t1,t1,0x23
  9e:	1b1f030b          	.4byte	0x1b1f030b
  a2:	111f 1201 1007      	.byte	0x1f, 0x11, 0x01, 0x12, 0x07, 0x10
  a8:	0b000017          	auipc	zero,0xb000
  ac:	0b0b000f          	.4byte	0xb0b000f
  b0:	00000e03          	lb	t3,0(zero) # 0 <random_sequence-0x80000000>
  b4:	240c                	.2byte	0x240c
  b6:	0b00                	addi	s0,sp,400
  b8:	030b3e0b          	.4byte	0x30b3e0b
  bc:	0008                	.2byte	0x8
  be:	0d00                	addi	s0,sp,656
  c0:	0035                	c.nop	13
  c2:	1349                	addi	t1,t1,-14
  c4:	0000                	unimp
  c6:	180e                	slli	a6,a6,0x23
  c8:	0000                	unimp
  ca:	0f00                	addi	s0,sp,912
  cc:	012e                	slli	sp,sp,0xb
  ce:	0b3a0e03          	lb	t3,179(s4)
  d2:	0b390b3b          	.4byte	0xb390b3b
  d6:	01111927          	.4byte	0x1111927
  da:	0712                	slli	a4,a4,0x4
  dc:	1840                	addi	s0,sp,52
  de:	197c                	addi	a5,sp,188
  e0:	1301                	addi	t1,t1,-32
  e2:	0000                	unimp
  e4:	2e10                	.2byte	0x2e10
  e6:	0301                	addi	t1,t1,0
  e8:	3a0e                	.2byte	0x3a0e
  ea:	390b3b0b          	.4byte	0x390b3b0b
  ee:	1119270b          	.4byte	0x1119270b
  f2:	1201                	addi	tp,tp,-32 # ffffffffffffffe0 <drbgCtrl+0xffffffff7ffff8b8>
  f4:	7a184007          	.4byte	0x7a184007
  f8:	0019                	c.nop	6
  fa:	0000                	unimp
  fc:	2401                	sext.w	s0,s0
  fe:	0b00                	addi	s0,sp,400
 100:	030b3e0b          	.4byte	0x30b3e0b
 104:	000e                	c.slli	zero,0x3
 106:	0200                	addi	s0,sp,256
 108:	0005                	c.nop	1
 10a:	213a0e03          	lb	t3,531(s4)
 10e:	3b01                	addiw	s6,s6,-32
 110:	490b390b          	.4byte	0x490b390b
 114:	00180213          	addi	tp,a6,1
 118:	0300                	addi	s0,sp,384
 11a:	0034                	addi	a3,sp,8
 11c:	213a0803          	lb	a6,531(s4)
 120:	3b01                	addiw	s6,s6,-32
 122:	490b390b          	.4byte	0x490b390b
 126:	00180213          	addi	tp,a6,1
 12a:	0400                	addi	s0,sp,512
 12c:	0016                	c.slli	zero,0x5
 12e:	0b3a0e03          	lb	t3,179(s4)
 132:	0b390b3b          	.4byte	0xb390b3b
 136:	1349                	addi	t1,t1,-14
 138:	0000                	unimp
 13a:	0b05                	addi	s6,s6,1
 13c:	1101                	addi	sp,sp,-32
 13e:	1201                	addi	tp,tp,-32 # ffffffffffffffe0 <drbgCtrl+0xffffffff7ffff8b8>
 140:	00130107          	.4byte	0x130107
 144:	0600                	addi	s0,sp,768
 146:	0111010b          	.4byte	0x111010b
 14a:	0712                	slli	a4,a4,0x4
 14c:	0000                	unimp
 14e:	0b000f07          	.4byte	0xb000f07
 152:	0821                	addi	a6,a6,8
 154:	1349                	addi	t1,t1,-14
 156:	0000                	unimp
 158:	3408                	.2byte	0x3408
 15a:	0300                	addi	s0,sp,384
 15c:	3a0e                	.2byte	0x3a0e
 15e:	0121                	addi	sp,sp,8
 160:	21390b3b          	.4byte	0x21390b3b
 164:	490a                	lw	s2,128(sp)
 166:	02193f13          	sltiu	t5,s2,33
 16a:	0018                	.2byte	0x18
 16c:	0900                	addi	s0,sp,144
 16e:	0026                	c.slli	zero,0x9
 170:	1349                	addi	t1,t1,-14
 172:	0000                	unimp
 174:	340a                	.2byte	0x340a
 176:	0300                	addi	s0,sp,384
 178:	3a0e                	.2byte	0x3a0e
 17a:	390b3b0b          	.4byte	0x390b3b0b
 17e:	0213490b          	.4byte	0x213490b
 182:	0018                	.2byte	0x18
 184:	0b00                	addi	s0,sp,400
 186:	0101                	addi	sp,sp,0
 188:	1349                	addi	t1,t1,-14
 18a:	1301                	addi	t1,t1,-32
 18c:	0000                	unimp
 18e:	210c                	.2byte	0x210c
 190:	4900                	lw	s0,16(a0)
 192:	000b2f13          	slti	t5,s6,0
 196:	0d00                	addi	s0,sp,656
 198:	012e                	slli	sp,sp,0xb
 19a:	0e03193f 3b01213a 	.8byte	0x3b01213a0e03193f
 1a2:	0621390b          	.4byte	0x621390b
 1a6:	01111927          	.4byte	0x1111927
 1aa:	0712                	slli	a4,a4,0x4
 1ac:	1840                	addi	s0,sp,52
 1ae:	197c                	addi	a5,sp,188
 1b0:	1301                	addi	t1,t1,-32
 1b2:	0000                	unimp
 1b4:	050e                	slli	a0,a0,0x3
 1b6:	0300                	addi	s0,sp,384
 1b8:	3a08                	.2byte	0x3a08
 1ba:	0121                	addi	sp,sp,8
 1bc:	0b390b3b          	.4byte	0xb390b3b
 1c0:	1349                	addi	t1,t1,-14
 1c2:	1802                	slli	a6,a6,0x20
 1c4:	0000                	unimp
 1c6:	3f012e0f          	.4byte	0x3f012e0f
 1ca:	0319                	addi	t1,t1,6
 1cc:	3a0e                	.2byte	0x3a0e
 1ce:	0121                	addi	sp,sp,8
 1d0:	0b390b3b          	.4byte	0xb390b3b
 1d4:	13491927          	.4byte	0x13491927
 1d8:	0111                	addi	sp,sp,4
 1da:	0712                	slli	a4,a4,0x4
 1dc:	1840                	addi	s0,sp,52
 1de:	197a                	slli	s2,s2,0x3e
 1e0:	1301                	addi	t1,t1,-32
 1e2:	0000                	unimp
 1e4:	1110                	addi	a2,sp,160
 1e6:	2501                	sext.w	a0,a0
 1e8:	130e                	slli	t1,t1,0x23
 1ea:	1b1f030b          	.4byte	0x1b1f030b
 1ee:	111f 1201 1007      	.byte	0x1f, 0x11, 0x01, 0x12, 0x07, 0x10
 1f4:	11000017          	auipc	zero,0x11000
 1f8:	0024                	addi	s1,sp,8
 1fa:	0b3e0b0b          	.4byte	0xb3e0b0b
 1fe:	00000803          	lb	a6,0(zero) # 0 <random_sequence-0x80000000>
 202:	3512                	.2byte	0x3512
 204:	4900                	lw	s0,16(a0)
 206:	13000013          	li	zero,304
 20a:	0b0b000f          	.4byte	0xb0b000f
 20e:	0000                	unimp
 210:	2e14                	.2byte	0x2e14
 212:	3f01                	addiw	t5,t5,-32
 214:	0319                	addi	t1,t1,6
 216:	3a0e                	.2byte	0x3a0e
 218:	390b3b0b          	.4byte	0x390b3b0b
 21c:	3c19270b          	.4byte	0x3c19270b
 220:	0119                	addi	sp,sp,6
 222:	15000013          	li	zero,336
 226:	0005                	c.nop	1
 228:	1349                	addi	t1,t1,-14
 22a:	0000                	unimp
 22c:	1816                	slli	a6,a6,0x25
 22e:	0000                	unimp
 230:	1700                	addi	s0,sp,928
 232:	002e                	c.slli	zero,0xb
 234:	0e03193f 0b3b0b3a 	.8byte	0xb3b0b3a0e03193f
 23c:	0b39                	addi	s6,s6,14
 23e:	13491927          	.4byte	0x13491927
 242:	0111                	addi	sp,sp,4
 244:	0712                	slli	a4,a4,0x4
 246:	1840                	addi	s0,sp,52
 248:	197c                	addi	a5,sp,188
 24a:	0000                	unimp
 24c:	2e18                	.2byte	0x2e18
 24e:	3f01                	addiw	t5,t5,-32
 250:	0319                	addi	t1,t1,6
 252:	3a0e                	.2byte	0x3a0e
 254:	390b3b0b          	.4byte	0x390b3b0b
 258:	1119270b          	.4byte	0x1119270b
 25c:	1201                	addi	tp,tp,-32 # ffffffffffffffe0 <drbgCtrl+0xffffffff7ffff8b8>
 25e:	7a184007          	.4byte	0x7a184007
 262:	0119                	addi	sp,sp,6
 264:	19000013          	li	zero,400
 268:	012e                	slli	sp,sp,0xb
 26a:	0e03193f 0b3b0b3a 	.8byte	0xb3b0b3a0e03193f
 272:	0b39                	addi	s6,s6,14
 274:	01111927          	.4byte	0x1111927
 278:	0712                	slli	a4,a4,0x4
 27a:	1840                	addi	s0,sp,52
 27c:	197a                	slli	s2,s2,0x3e
 27e:	0000                	unimp
	...

Disassembly of section .debug_aranges:

0000000000000000 <.debug_aranges>:
   0:	002c                	addi	a1,sp,8
   2:	0000                	unimp
   4:	0002                	c.slli64	zero
   6:	0000                	unimp
   8:	0000                	unimp
   a:	0008                	.2byte	0x8
   c:	0000                	unimp
   e:	0000                	unimp
  10:	0000                	unimp
  12:	8000                	.2byte	0x8000
  14:	0000                	unimp
  16:	0000                	unimp
  18:	0038                	addi	a4,sp,8
	...
  2e:	0000                	unimp
  30:	002c                	addi	a1,sp,8
  32:	0000                	unimp
  34:	0002                	c.slli64	zero
  36:	0028                	addi	a0,sp,8
  38:	0000                	unimp
  3a:	0008                	.2byte	0x8
  3c:	0000                	unimp
  3e:	0000                	unimp
  40:	0038                	addi	a4,sp,8
  42:	8000                	.2byte	0x8000
  44:	0000                	unimp
  46:	0000                	unimp
  48:	0294                	addi	a3,sp,320
	...
  5e:	0000                	unimp
  60:	002c                	addi	a1,sp,8
  62:	0000                	unimp
  64:	0002                	c.slli64	zero
  66:	02b9                	addi	t0,t0,14
  68:	0000                	unimp
  6a:	0008                	.2byte	0x8
  6c:	0000                	unimp
  6e:	0000                	unimp
  70:	02cc                	addi	a1,sp,324
  72:	8000                	.2byte	0x8000
  74:	0000                	unimp
  76:	0000                	unimp
  78:	03d8                	addi	a4,sp,452
	...

Disassembly of section .debug_str:

0000000000000000 <.debug_str>:
   0:	6d6f682f          	.4byte	0x6d6f682f
   4:	2f65                	addiw	t5,t5,25
   6:	7564                	ld	s1,232(a0)
   8:	75687463          	bgeu	a6,s6,750 <random_sequence-0x7ffff8b0>
   c:	6e61                	lui	t3,0x18
   e:	4349522f          	.4byte	0x4349522f
  12:	75545653          	.4byte	0x75545653
  16:	6f74                	ld	a3,216(a4)
  18:	6972                	ld	s2,280(sp)
  1a:	6c61                	lui	s8,0x18
  1c:	5349522f          	.4byte	0x5349522f
  20:	75545643          	.4byte	0x75545643
  24:	6f74                	ld	a3,216(a4)
  26:	6972                	ld	s2,280(sp)
  28:	6c61                	lui	s8,0x18
  2a:	6770662f          	.4byte	0x6770662f
  2e:	2f61                	addiw	t5,t5,24
  30:	542f7773          	csrrci	a4,0x542,30
  34:	4e52                	lw	t3,20(sp)
  36:	52445f47          	.4byte	0x52445f47
  3a:	4742                	lw	a4,16(sp)
  3c:	6372732f          	.4byte	0x6372732f
  40:	7472632f          	.4byte	0x7472632f
  44:	2e30                	.2byte	0x2e30
  46:	682f0053          	.4byte	0x682f0053
  4a:	2f656d6f          	jal	s10,56340 <random_sequence-0x7ffa9cc0>
  4e:	7564                	ld	s1,232(a0)
  50:	75687463          	bgeu	a6,s6,798 <random_sequence-0x7ffff868>
  54:	6e61                	lui	t3,0x18
  56:	4349522f          	.4byte	0x4349522f
  5a:	75545653          	.4byte	0x75545653
  5e:	6f74                	ld	a3,216(a4)
  60:	6972                	ld	s2,280(sp)
  62:	6c61                	lui	s8,0x18
  64:	5349522f          	.4byte	0x5349522f
  68:	75545643          	.4byte	0x75545643
  6c:	6f74                	ld	a3,216(a4)
  6e:	6972                	ld	s2,280(sp)
  70:	6c61                	lui	s8,0x18
  72:	6770662f          	.4byte	0x6770662f
  76:	2f61                	addiw	t5,t5,24
  78:	542f7773          	csrrci	a4,0x542,30
  7c:	4e52                	lw	t3,20(sp)
  7e:	52445f47          	.4byte	0x52445f47
  82:	4742                	lw	a4,16(sp)
  84:	4700                	lw	s0,8(a4)
  86:	554e                	lw	a0,240(sp)
  88:	4120                	lw	s0,64(a0)
  8a:	2e322053          	.4byte	0x2e322053
  8e:	5f003933          	.4byte	0x5f003933
  92:	755f 6e69 3874      	.byte	0x5f, 0x75, 0x69, 0x6e, 0x74, 0x38
  98:	745f 5f00 625f      	.byte	0x5f, 0x74, 0x00, 0x5f, 0x5f, 0x62
  9e:	6975                	lui	s2,0x1d
  a0:	746c                	ld	a1,232(s0)
  a2:	6e69                	lui	t3,0x1a
  a4:	765f 5f61 696c      	.byte	0x5f, 0x76, 0x61, 0x5f, 0x6c, 0x69
  aa:	5f007473          	csrrci	s0,0x5f0,0
  ae:	695f 746e 3233      	.byte	0x5f, 0x69, 0x6e, 0x74, 0x33, 0x32
  b4:	745f 6900 5f73      	.byte	0x5f, 0x74, 0x00, 0x69, 0x73, 0x5f
  ba:	6f6c                	ld	a1,216(a4)
  bc:	676e                	ld	a4,216(sp)
  be:	7300                	ld	s0,32(a4)
  c0:	6174                	ld	a3,192(a0)
  c2:	7472                	ld	s0,312(sp)
  c4:	6465                	lui	s0,0x19
  c6:	6b00                	ld	s0,16(a4)
  c8:	7270                	ld	a2,224(a2)
  ca:	6e69                	lui	t3,0x1a
  cc:	6674                	ld	a3,200(a2)
  ce:	5f00                	lw	s0,56(a4)
  d0:	675f 756e 5f63      	.byte	0x5f, 0x67, 0x6e, 0x75, 0x63, 0x5f
  d6:	6176                	ld	sp,344(sp)
  d8:	6c5f 7369 0074      	.byte	0x5f, 0x6c, 0x69, 0x73, 0x74, 0x00
  de:	6e75                	lui	t3,0x1d
  e0:	6e676973          	csrrsi	s2,0x6e6,14
  e4:	6465                	lui	s0,0x19
  e6:	6320                	ld	s0,64(a4)
  e8:	6168                	ld	a0,192(a0)
  ea:	0072                	c.slli	zero,0x1c
  ec:	726f6873          	csrrsi	a6,mhpmevent6h,30
  f0:	2074                	.2byte	0x2074
  f2:	6e75                	lui	t3,0x1d
  f4:	6e676973          	csrrsi	s2,0x6e6,14
  f8:	6465                	lui	s0,0x19
  fa:	6920                	ld	s0,80(a0)
  fc:	746e                	ld	s0,248(sp)
  fe:	5f00                	lw	s0,56(a4)
 100:	755f 6e69 3374      	.byte	0x5f, 0x75, 0x69, 0x6e, 0x74, 0x33
 106:	5f32                	lw	t5,44(sp)
 108:	0074                	addi	a3,sp,12
 10a:	7369                	lui	t1,0xffffa
 10c:	665f 726f 616d      	.byte	0x5f, 0x66, 0x6f, 0x72, 0x6d, 0x61
 112:	0074                	addi	a3,sp,12
 114:	726f6873          	csrrsi	a6,mhpmevent6h,30
 118:	2074                	.2byte	0x2074
 11a:	6e69                	lui	t3,0x1a
 11c:	0074                	addi	a3,sp,12
 11e:	5f5f 6975 746e      	.byte	0x5f, 0x5f, 0x75, 0x69, 0x6e, 0x74
 124:	3436                	.2byte	0x3436
 126:	745f 5f00 706b      	.byte	0x5f, 0x74, 0x00, 0x5f, 0x6b, 0x70
 12c:	7475                	lui	s0,0xffffd
 12e:	61750073          	.4byte	0x61750073
 132:	7472                	ld	s0,312(sp)
 134:	6b00                	ld	s0,16(a4)
 136:	7570                	ld	a2,232(a0)
 138:	6374                	ld	a3,192(a4)
 13a:	5f00                	lw	s0,56(a4)
 13c:	6f42                	ld	t5,16(sp)
 13e:	47006c6f          	jal	s8,65ae <random_sequence-0x7fff9a52>
 142:	554e                	lw	a0,240(sp)
 144:	4320                	lw	s0,64(a4)
 146:	3131                	addiw	sp,sp,-20
 148:	3120                	.2byte	0x3120
 14a:	2e32                	.2byte	0x2e32
 14c:	2e32                	.2byte	0x2e32
 14e:	2030                	.2byte	0x2030
 150:	6d2d                	lui	s10,0xb
 152:	646f6d63          	bltu	t5,t1,7ac <random_sequence-0x7ffff854>
 156:	6c65                	lui	s8,0x19
 158:	6d3d                	lui	s10,0xf
 15a:	6465                	lui	s0,0x19
 15c:	6e61                	lui	t3,0x18
 15e:	2079                	.2byte	0x2079
 160:	6d2d                	lui	s10,0xb
 162:	6261                	lui	tp,0x18
 164:	3d69                	addiw	s10,s10,-6 # affa <random_sequence-0x7fff5006>
 166:	706c                	ld	a1,224(s0)
 168:	3436                	.2byte	0x3436
 16a:	2d20                	.2byte	0x2d20
 16c:	746d                	lui	s0,0xffffb
 16e:	6e75                	lui	t3,0x1d
 170:	3d65                	addiw	s10,s10,-7
 172:	6f72                	ld	t5,280(sp)
 174:	74656b63          	bltu	a0,t1,8ca <random_sequence-0x7ffff736>
 178:	2d20                	.2byte	0x2d20
 17a:	696d                	lui	s2,0x1b
 17c:	732d6173          	csrrsi	sp,mhpmevent18h,26
 180:	6570                	ld	a2,200(a0)
 182:	2e323d63          	.4byte	0x2e323d63
 186:	2032                	.2byte	0x2032
 188:	6d2d                	lui	s10,0xb
 18a:	7261                	lui	tp,0xffff8
 18c:	723d6863          	bltu	s10,gp,8bc <random_sequence-0x7ffff744>
 190:	3676                	.2byte	0x3676
 192:	6934                	ld	a3,80(a0)
 194:	616d                	addi	sp,sp,240
 196:	672d2063          	.4byte	0x672d2063
 19a:	2d20                	.2byte	0x2d20
 19c:	2d20304f          	.4byte	0x2d20304f
 1a0:	3d647473          	csrrci	s0,0x3d6,8
 1a4:	31756e67          	.4byte	0x31756e67
 1a8:	2031                	.2byte	0x2031
 1aa:	662d                	lui	a2,0xb
 1ac:	6f6e                	ld	t5,216(sp)
 1ae:	632d                	lui	t1,0xb
 1b0:	6f6d6d6f          	jal	s10,d68a6 <random_sequence-0x7ff2975a>
 1b4:	006e                	c.slli	zero,0x1b
 1b6:	6574                	ld	a3,200(a0)
 1b8:	775f7473          	csrrci	s0,0x775,30
 1bc:	6972                	ld	s2,280(sp)
 1be:	6574                	ld	a3,200(a0)
 1c0:	645f 7461 0061      	.byte	0x5f, 0x64, 0x61, 0x74, 0x61, 0x00
 1c6:	7264                	ld	s1,224(a2)
 1c8:	6762                	ld	a4,24(sp)
 1ca:	6c727443          	.4byte	0x6c727443
 1ce:	6100                	ld	s0,0(a0)
 1d0:	6464                	ld	s1,200(s0)
 1d2:	0072                	c.slli	zero,0x1c
 1d4:	6172                	ld	sp,280(sp)
 1d6:	646e                	ld	s0,216(sp)
 1d8:	735f6d6f          	jal	s10,f710c <random_sequence-0x7ff08ef4>
 1dc:	7165                	addi	sp,sp,-400
 1de:	6575                	lui	a0,0x1d
 1e0:	636e                	ld	t1,216(sp)
 1e2:	0065                	c.nop	25
 1e4:	6574                	ld	a3,200(a0)
 1e6:	745f7473          	csrrci	s0,0x745,30
 1ea:	6e72                	ld	t3,280(sp)
 1ec:	72640067          	jr	1830(s0) # ffffffffffffb726 <drbgCtrl+0xffffffff7fffaffe>
 1f0:	6762                	ld	a4,24(sp)
 1f2:	725f 7365 7465      	.byte	0x5f, 0x72, 0x65, 0x73, 0x65, 0x74
 1f8:	6c00                	ld	s0,24(s0)
 1fa:	20676e6f          	jal	t3,76400 <random_sequence-0x7ff89c00>
 1fe:	6f6c                	ld	a1,216(a4)
 200:	676e                	ld	a4,216(sp)
 202:	7520                	ld	s0,104(a0)
 204:	736e                	ld	t1,248(sp)
 206:	6769                	lui	a4,0x1a
 208:	656e                	ld	a0,216(sp)
 20a:	2064                	.2byte	0x2064
 20c:	6e69                	lui	t3,0x1a
 20e:	0074                	addi	a3,sp,12
 210:	616d                	addi	sp,sp,240
 212:	6e69                	lui	t3,0x1a
 214:	6400                	ld	s0,8(s0)
 216:	6272                	ld	tp,280(sp)
 218:	65725f67          	.4byte	0x65725f67
 21c:	6461                	lui	s0,0x18
 21e:	645f 7461 0061      	.byte	0x5f, 0x64, 0x61, 0x74, 0x61, 0x00
 224:	6f6c                	ld	a1,216(a4)
 226:	676e                	ld	a4,216(sp)
 228:	6c20                	ld	s0,88(s0)
 22a:	20676e6f          	jal	t3,76430 <random_sequence-0x7ff89bd0>
 22e:	6e69                	lui	t3,0x1a
 230:	0074                	addi	a3,sp,12
 232:	7264                	ld	s1,224(a2)
 234:	6762                	ld	a4,24(sp)
 236:	775f 6972 6574      	.byte	0x5f, 0x77, 0x72, 0x69, 0x74, 0x65
 23c:	645f 7461 0061      	.byte	0x5f, 0x64, 0x61, 0x74, 0x61, 0x00
 242:	7264                	ld	s1,224(a2)
 244:	6762                	ld	a4,24(sp)
 246:	775f 6961 5f74      	.byte	0x5f, 0x77, 0x61, 0x69, 0x74, 0x5f
 24c:	6f64                	ld	s1,216(a4)
 24e:	656e                	ld	a0,216(sp)
 250:	7300                	ld	s0,32(a4)
 252:	6565                	lui	a0,0x19
 254:	0064                	addi	s1,sp,12
 256:	6f6c                	ld	a1,216(a4)
 258:	676e                	ld	a4,216(sp)
 25a:	6420                	ld	s0,72(s0)
 25c:	6c62756f          	jal	a0,27922 <random_sequence-0x7ffd86de>
 260:	0065                	c.nop	25

Disassembly of section .debug_frame:

0000000000000000 <.debug_frame>:
   0:	000c                	.2byte	0xc
   2:	0000                	unimp
   4:	ffff                	.2byte	0xffff
   6:	ffff                	.2byte	0xffff
   8:	7c010003          	lb	zero,1984(sp)
   c:	0d01                	addi	s10,s10,0 # b000 <random_sequence-0x7fff5000>
   e:	0002                	c.slli64	zero
  10:	002c                	addi	a1,sp,8
  12:	0000                	unimp
  14:	0000                	unimp
  16:	0000                	unimp
  18:	0038                	addi	a4,sp,8
  1a:	8000                	.2byte	0x8000
  1c:	0000                	unimp
  1e:	0000                	unimp
  20:	003e                	c.slli	zero,0xf
  22:	0000                	unimp
  24:	0000                	unimp
  26:	0000                	unimp
  28:	0e42                	slli	t3,t3,0x10
  2a:	4230                	lw	a2,64(a2)
  2c:	0288                	addi	a0,sp,320
  2e:	0c42                	slli	s8,s8,0x10
  30:	0008                	.2byte	0x8
  32:	c874                	sw	a3,84(s0)
  34:	020c                	addi	a1,sp,256
  36:	4230                	lw	a2,64(a2)
  38:	000e                	c.slli	zero,0x3
  3a:	0000                	unimp
  3c:	0000                	unimp
  3e:	0000                	unimp
  40:	002c                	addi	a1,sp,8
  42:	0000                	unimp
  44:	0000                	unimp
  46:	0000                	unimp
  48:	0076                	c.slli	zero,0x1d
  4a:	8000                	.2byte	0x8000
  4c:	0000                	unimp
  4e:	0000                	unimp
  50:	0044                	addi	s1,sp,4
  52:	0000                	unimp
  54:	0000                	unimp
  56:	0000                	unimp
  58:	0e42                	slli	t3,t3,0x10
  5a:	4430                	lw	a2,72(s0)
  5c:	0281                	addi	t0,t0,0
  5e:	0488                	addi	a0,sp,576
  60:	0c42                	slli	s8,s8,0x10
  62:	0008                	.2byte	0x8
  64:	c176                	sw	t4,128(sp)
  66:	c842                	sw	a6,16(sp)
  68:	020c                	addi	a1,sp,256
  6a:	4230                	lw	a2,64(a2)
  6c:	000e                	c.slli	zero,0x3
  6e:	0000                	unimp
  70:	002c                	addi	a1,sp,8
  72:	0000                	unimp
  74:	0000                	unimp
  76:	0000                	unimp
  78:	00ba                	slli	ra,ra,0xe
  7a:	8000                	.2byte	0x8000
  7c:	0000                	unimp
  7e:	0000                	unimp
  80:	002a                	c.slli	zero,0xa
  82:	0000                	unimp
  84:	0000                	unimp
  86:	0000                	unimp
  88:	0e42                	slli	t3,t3,0x10
  8a:	4420                	lw	s0,72(s0)
  8c:	0281                	addi	t0,t0,0
  8e:	0488                	addi	a0,sp,576
  90:	0c42                	slli	s8,s8,0x10
  92:	0008                	.2byte	0x8
  94:	c15c                	sw	a5,4(a0)
  96:	c842                	sw	a6,16(sp)
  98:	020c                	addi	a1,sp,256
  9a:	4220                	lw	s0,64(a2)
  9c:	000e                	c.slli	zero,0x3
  9e:	0000                	unimp
  a0:	0034                	addi	a3,sp,8
  a2:	0000                	unimp
  a4:	0000                	unimp
  a6:	0000                	unimp
  a8:	00e4                	addi	s1,sp,76
  aa:	8000                	.2byte	0x8000
  ac:	0000                	unimp
  ae:	0000                	unimp
  b0:	01e8                	addi	a0,sp,204
  b2:	0000                	unimp
  b4:	0000                	unimp
  b6:	0000                	unimp
  b8:	0e42                	slli	t3,t3,0x10
  ba:	0180                	addi	s0,sp,192
  bc:	8144                	.2byte	0x8144
  be:	8812                	mv	a6,tp
  c0:	4214                	lw	a3,0(a2)
  c2:	080c                	addi	a1,sp,16
  c4:	0340                	addi	s0,sp,388
  c6:	01da                	slli	gp,gp,0x16
  c8:	42c1                	li	t0,16
  ca:	0cc8                	addi	a0,sp,596
  cc:	8002                	.2byte	0x8002
  ce:	4201                	li	tp,0
  d0:	000e                	c.slli	zero,0x3
  d2:	0000                	unimp
  d4:	0000                	unimp
  d6:	0000                	unimp
  d8:	000c                	.2byte	0xc
  da:	0000                	unimp
  dc:	ffff                	.2byte	0xffff
  de:	ffff                	.2byte	0xffff
  e0:	7c010003          	lb	zero,1984(sp)
  e4:	0d01                	addi	s10,s10,0
  e6:	0002                	c.slli64	zero
  e8:	002c                	addi	a1,sp,8
  ea:	0000                	unimp
  ec:	00d8                	addi	a4,sp,68
  ee:	0000                	unimp
  f0:	02cc                	addi	a1,sp,324
  f2:	8000                	.2byte	0x8000
  f4:	0000                	unimp
  f6:	0000                	unimp
  f8:	004a                	c.slli	zero,0x12
  fa:	0000                	unimp
  fc:	0000                	unimp
  fe:	0000                	unimp
 100:	0e42                	slli	t3,t3,0x10
 102:	4230                	lw	a2,64(a2)
 104:	0288                	addi	a0,sp,320
 106:	0c42                	slli	s8,s8,0x10
 108:	0008                	.2byte	0x8
 10a:	4002                	.2byte	0x4002
 10c:	0cc8                	addi	a0,sp,596
 10e:	3002                	.2byte	0x3002
 110:	0e42                	slli	t3,t3,0x10
 112:	0000                	unimp
 114:	0000                	unimp
 116:	0000                	unimp
 118:	002c                	addi	a1,sp,8
 11a:	0000                	unimp
 11c:	00d8                	addi	a4,sp,68
 11e:	0000                	unimp
 120:	0316                	slli	t1,t1,0x5
 122:	8000                	.2byte	0x8000
 124:	0000                	unimp
 126:	0000                	unimp
 128:	0056                	c.slli	zero,0x15
 12a:	0000                	unimp
 12c:	0000                	unimp
 12e:	0000                	unimp
 130:	0e42                	slli	t3,t3,0x10
 132:	4230                	lw	a2,64(a2)
 134:	0288                	addi	a0,sp,320
 136:	0c42                	slli	s8,s8,0x10
 138:	0008                	.2byte	0x8
 13a:	4c02                	lw	s8,0(sp)
 13c:	0cc8                	addi	a0,sp,596
 13e:	3002                	.2byte	0x3002
 140:	0e42                	slli	t3,t3,0x10
 142:	0000                	unimp
 144:	0000                	unimp
 146:	0000                	unimp
 148:	002c                	addi	a1,sp,8
 14a:	0000                	unimp
 14c:	00d8                	addi	a4,sp,68
 14e:	0000                	unimp
 150:	036c                	addi	a1,sp,396
 152:	8000                	.2byte	0x8000
 154:	0000                	unimp
 156:	0000                	unimp
 158:	004a                	c.slli	zero,0x12
 15a:	0000                	unimp
 15c:	0000                	unimp
 15e:	0000                	unimp
 160:	0e42                	slli	t3,t3,0x10
 162:	4230                	lw	a2,64(a2)
 164:	0288                	addi	a0,sp,320
 166:	0c42                	slli	s8,s8,0x10
 168:	0008                	.2byte	0x8
 16a:	4002                	.2byte	0x4002
 16c:	0cc8                	addi	a0,sp,596
 16e:	3002                	.2byte	0x3002
 170:	0e42                	slli	t3,t3,0x10
 172:	0000                	unimp
 174:	0000                	unimp
 176:	0000                	unimp
 178:	002c                	addi	a1,sp,8
 17a:	0000                	unimp
 17c:	00d8                	addi	a4,sp,68
 17e:	0000                	unimp
 180:	03b6                	slli	t2,t2,0xd
 182:	8000                	.2byte	0x8000
 184:	0000                	unimp
 186:	0000                	unimp
 188:	0028                	addi	a0,sp,8
 18a:	0000                	unimp
 18c:	0000                	unimp
 18e:	0000                	unimp
 190:	0e42                	slli	t3,t3,0x10
 192:	4220                	lw	s0,64(a2)
 194:	0288                	addi	a0,sp,320
 196:	0c42                	slli	s8,s8,0x10
 198:	0008                	.2byte	0x8
 19a:	c85e                	sw	s7,16(sp)
 19c:	020c                	addi	a1,sp,256
 19e:	4220                	lw	s0,64(a2)
 1a0:	000e                	c.slli	zero,0x3
 1a2:	0000                	unimp
 1a4:	0000                	unimp
 1a6:	0000                	unimp
 1a8:	0034                	addi	a3,sp,8
 1aa:	0000                	unimp
 1ac:	00d8                	addi	a4,sp,68
 1ae:	0000                	unimp
 1b0:	03de                	slli	t2,t2,0x17
 1b2:	8000                	.2byte	0x8000
 1b4:	0000                	unimp
 1b6:	0000                	unimp
 1b8:	00fc                	addi	a5,sp,76
 1ba:	0000                	unimp
 1bc:	0000                	unimp
 1be:	0000                	unimp
 1c0:	0e42                	slli	t3,t3,0x10
 1c2:	4640                	lw	s0,12(a2)
 1c4:	0281                	addi	t0,t0,0
 1c6:	0488                	addi	a0,sp,576
 1c8:	0689                	addi	a3,a3,2
 1ca:	0c42                	slli	s8,s8,0x10
 1cc:	0008                	.2byte	0x8
 1ce:	c100ea03          	lwu	s4,-1008(ra)
 1d2:	c842                	sw	a6,16(sp)
 1d4:	020c                	addi	a1,sp,256
 1d6:	4240                	lw	s0,4(a2)
 1d8:	42c9                	li	t0,18
 1da:	000e                	c.slli	zero,0x3
 1dc:	0000                	unimp
 1de:	0000                	unimp
 1e0:	0034                	addi	a3,sp,8
 1e2:	0000                	unimp
 1e4:	00d8                	addi	a4,sp,68
 1e6:	0000                	unimp
 1e8:	04da                	slli	s1,s1,0x16
 1ea:	8000                	.2byte	0x8000
 1ec:	0000                	unimp
 1ee:	0000                	unimp
 1f0:	019e                	slli	gp,gp,0x7
 1f2:	0000                	unimp
 1f4:	0000                	unimp
 1f6:	0000                	unimp
 1f8:	0e42                	slli	t3,t3,0x10
 1fa:	4650                	lw	a2,12(a2)
 1fc:	0281                	addi	t0,t0,0
 1fe:	0488                	addi	a0,sp,576
 200:	0689                	addi	a3,a3,2
 202:	0c42                	slli	s8,s8,0x10
 204:	0008                	.2byte	0x8
 206:	c1018c03          	lb	s8,-1008(gp)
 20a:	c842                	sw	a6,16(sp)
 20c:	020c                	addi	a1,sp,256
 20e:	4250                	lw	a2,4(a2)
 210:	42c9                	li	t0,18
 212:	000e                	c.slli	zero,0x3
 214:	0000                	unimp
 216:	0000                	unimp
 218:	0024                	addi	s1,sp,8
 21a:	0000                	unimp
 21c:	00d8                	addi	a4,sp,68
 21e:	0000                	unimp
 220:	0678                	addi	a4,sp,780
 222:	8000                	.2byte	0x8000
 224:	0000                	unimp
 226:	0000                	unimp
 228:	002c                	addi	a1,sp,8
 22a:	0000                	unimp
 22c:	0000                	unimp
 22e:	0000                	unimp
 230:	0e42                	slli	t3,t3,0x10
 232:	4410                	lw	a2,8(s0)
 234:	0281                	addi	t0,t0,0
 236:	0488                	addi	a0,sp,576
 238:	0c42                	slli	s8,s8,0x10
 23a:	0008                	.2byte	0x8
 23c:	0000                	unimp
	...
