Copyright 1986-2022 Xilinx, Inc. All Rights Reserved. Copyright 2022-2024 Advanced Micro Devices, Inc. All Rights Reserved.
---------------------------------------------------------------------------------------------------------------------------------------------------------------------------------------------------------------
| Tool Version : Vivado v.2024.2 (lin64) Build 5239630 Fri Nov 08 22:34:34 MST 2024
| Date         : Mon Nov  3 16:48:37 2025
| Host         : khaiduy-uec running 64-bit Ubuntu 24.04.3 LTS
| Command      : report_timing_summary -max_paths 10 -report_unconstrained -file serRAM_timing_summary_routed.rpt -pb serRAM_timing_summary_routed.pb -rpx serRAM_timing_summary_routed.rpx -warn_on_violation
| Design       : serRAM
| Device       : 7a35ti-csg324
| Speed File   : -1L  PRODUCTION 1.23 2018-06-13
| Design State : Routed
---------------------------------------------------------------------------------------------------------------------------------------------------------------------------------------------------------------

Timing Summary Report

------------------------------------------------------------------------------------------------
| Timer Settings
| --------------
------------------------------------------------------------------------------------------------

  Enable Multi Corner Analysis               :  Yes
  Enable Pessimism Removal                   :  Yes
  Pessimism Removal Resolution               :  Nearest Common Node
  Enable Input Delay Default Clock           :  No
  Enable Preset / Clear Arcs                 :  No
  Disable Flight Delays                      :  No
  Ignore I/O Paths                           :  No
  Timing Early Launch at Borrowing Latches   :  No
  Borrow Time for Max Delay Exceptions       :  Yes
  Merge Timing Exceptions                    :  Yes
  Inter-SLR Compensation                     :  Conservative

  Corner  Analyze    Analyze    
  Name    Max Paths  Min Paths  
  ------  ---------  ---------  
  Slow    Yes        Yes        
  Fast    Yes        Yes        


------------------------------------------------------------------------------------------------
| Report Methodology
| ------------------
------------------------------------------------------------------------------------------------

Rule       Severity          Description                                             Violations  
---------  ----------------  ------------------------------------------------------  ----------  
TIMING-17  Critical Warning  Non-clocked sequential cell                             1000        
SYNTH-6    Warning           Timing of a RAM block might be sub-optimal              8           
SYNTH-16   Warning           Address collision                                       8           
XDCC-7     Warning           Scoped Clock constraint overwritten on the same source  1           

Note: This report is based on the most recent report_methodology run and may not be up-to-date. Run report_methodology on the current design for the latest report.



check_timing report

Table of Contents
-----------------
1. checking no_clock (1108)
2. checking constant_clock (0)
3. checking pulse_width_clock (0)
4. checking unconstrained_internal_endpoints (2733)
5. checking no_input_delay (11)
6. checking no_output_delay (11)
7. checking multiple_clock (0)
8. checking generated_clocks (0)
9. checking loops (0)
10. checking partial_input_delay (0)
11. checking partial_output_delay (0)
12. checking latch_loops (0)

1. checking no_clock (1108)
---------------------------
 There are 1108 register/latch pins with no clock driven by root clock pin: clk_div_inst/clk_buf_reg/Q (HIGH)


2. checking constant_clock (0)
------------------------------
 There are 0 register/latch pins with constant_clock.


3. checking pulse_width_clock (0)
---------------------------------
 There are 0 register/latch pins which need pulse_width check


4. checking unconstrained_internal_endpoints (2733)
---------------------------------------------------
 There are 2733 pins that are not constrained for maximum delay. (HIGH)

 There are 0 pins that are not constrained for maximum delay due to constant clock.


5. checking no_input_delay (11)
-------------------------------
 There are 11 input ports with no input delay specified. (HIGH)

 There are 0 input ports with no input delay but user has a false path constraint.


6. checking no_output_delay (11)
--------------------------------
 There are 11 ports with no output delay specified. (HIGH)

 There are 0 ports with no output delay but user has a false path constraint

 There are 0 ports with no output delay but with a timing clock defined on it or propagating through it


7. checking multiple_clock (0)
------------------------------
 There are 0 register/latch pins with multiple clocks.


8. checking generated_clocks (0)
--------------------------------
 There are 0 generated clocks that are not connected to a clock source.


9. checking loops (0)
---------------------
 There are 0 combinational loops in the design.


10. checking partial_input_delay (0)
------------------------------------
 There are 0 input ports with partial input delay specified.


11. checking partial_output_delay (0)
-------------------------------------
 There are 0 ports with partial output delay specified.


12. checking latch_loops (0)
----------------------------
 There are 0 combinational latch loops in the design through latch input



------------------------------------------------------------------------------------------------
| Design Timing Summary
| ---------------------
------------------------------------------------------------------------------------------------

    WNS(ns)      TNS(ns)  TNS Failing Endpoints  TNS Total Endpoints      WHS(ns)      THS(ns)  THS Failing Endpoints  THS Total Endpoints     WPWS(ns)     TPWS(ns)  TPWS Failing Endpoints  TPWS Total Endpoints  
    -------      -------  ---------------------  -------------------      -------      -------  ---------------------  -------------------     --------     --------  ----------------------  --------------------  
      8.622        0.000                      0                   21        0.191        0.000                      0                   21        3.000        0.000                       0                    18  


All user specified timing constraints are met.


------------------------------------------------------------------------------------------------
| Clock Summary
| -------------
------------------------------------------------------------------------------------------------

Clock                   Waveform(ns)       Period(ns)      Frequency(MHz)
-----                   ------------       ----------      --------------
sys_clk                 {0.000 5.000}      10.000          100.000         
  clk_out1_clk_wiz_0_1  {0.000 5.882}      11.765          85.000          
  clkfbout_clk_wiz_0_1  {0.000 20.000}     40.000          25.000          


------------------------------------------------------------------------------------------------
| Intra Clock Table
| -----------------
------------------------------------------------------------------------------------------------

Clock                       WNS(ns)      TNS(ns)  TNS Failing Endpoints  TNS Total Endpoints      WHS(ns)      THS(ns)  THS Failing Endpoints  THS Total Endpoints     WPWS(ns)     TPWS(ns)  TPWS Failing Endpoints  TPWS Total Endpoints  
-----                       -------      -------  ---------------------  -------------------      -------      -------  ---------------------  -------------------     --------     --------  ----------------------  --------------------  
sys_clk                                                                                                                                                                   3.000        0.000                       0                     1  
  clk_out1_clk_wiz_0_1        8.622        0.000                      0                   21        0.191        0.000                      0                   21        5.382        0.000                       0                    14  
  clkfbout_clk_wiz_0_1                                                                                                                                                   37.845        0.000                       0                     3  


------------------------------------------------------------------------------------------------
| Inter Clock Table
| -----------------
------------------------------------------------------------------------------------------------

From Clock    To Clock          WNS(ns)      TNS(ns)  TNS Failing Endpoints  TNS Total Endpoints      WHS(ns)      THS(ns)  THS Failing Endpoints  THS Total Endpoints  
----------    --------          -------      -------  ---------------------  -------------------      -------      -------  ---------------------  -------------------  


------------------------------------------------------------------------------------------------
| Other Path Groups Table
| -----------------------
------------------------------------------------------------------------------------------------

Path Group    From Clock    To Clock          WNS(ns)      TNS(ns)  TNS Failing Endpoints  TNS Total Endpoints      WHS(ns)      THS(ns)  THS Failing Endpoints  THS Total Endpoints  
----------    ----------    --------          -------      -------  ---------------------  -------------------      -------      -------  ---------------------  -------------------  


------------------------------------------------------------------------------------------------
| User Ignored Path Table
| -----------------------
------------------------------------------------------------------------------------------------

Path Group    From Clock    To Clock    
----------    ----------    --------    


------------------------------------------------------------------------------------------------
| Unconstrained Path Table
| ------------------------
------------------------------------------------------------------------------------------------

Path Group            From Clock            To Clock            
----------            ----------            --------            
(none)                                                            
(none)                clk_out1_clk_wiz_0_1                        
(none)                clkfbout_clk_wiz_0_1                        


------------------------------------------------------------------------------------------------
| Timing Details
| --------------
------------------------------------------------------------------------------------------------


---------------------------------------------------------------------------------------------------
From Clock:  sys_clk
  To Clock:  sys_clk

Setup :           NA  Failing Endpoints,  Worst Slack           NA  ,  Total Violation           NA
Hold  :           NA  Failing Endpoints,  Worst Slack           NA  ,  Total Violation           NA
PW    :            0  Failing Endpoints,  Worst Slack        3.000ns,  Total Violation        0.000ns
---------------------------------------------------------------------------------------------------


Pulse Width Checks
--------------------------------------------------------------------------------------
Clock Name:         sys_clk
Waveform(ns):       { 0.000 5.000 }
Period(ns):         10.000
Sources:            { top_sys_clock }

Check Type        Corner  Lib Pin            Reference Pin  Required(ns)  Actual(ns)  Slack(ns)  Location         Pin
Min Period        n/a     MMCME2_ADV/CLKIN1  n/a            1.249         10.000      8.751      MMCME2_ADV_X1Y1  clk_wiz_0_clk_wiz/inst/mmcm_adv_inst/CLKIN1
Max Period        n/a     MMCME2_ADV/CLKIN1  n/a            100.000       10.000      90.000     MMCME2_ADV_X1Y1  clk_wiz_0_clk_wiz/inst/mmcm_adv_inst/CLKIN1
Low Pulse Width   Slow    MMCME2_ADV/CLKIN1  n/a            2.000         5.000       3.000      MMCME2_ADV_X1Y1  clk_wiz_0_clk_wiz/inst/mmcm_adv_inst/CLKIN1
Low Pulse Width   Fast    MMCME2_ADV/CLKIN1  n/a            2.000         5.000       3.000      MMCME2_ADV_X1Y1  clk_wiz_0_clk_wiz/inst/mmcm_adv_inst/CLKIN1
High Pulse Width  Slow    MMCME2_ADV/CLKIN1  n/a            2.000         5.000       3.000      MMCME2_ADV_X1Y1  clk_wiz_0_clk_wiz/inst/mmcm_adv_inst/CLKIN1
High Pulse Width  Fast    MMCME2_ADV/CLKIN1  n/a            2.000         5.000       3.000      MMCME2_ADV_X1Y1  clk_wiz_0_clk_wiz/inst/mmcm_adv_inst/CLKIN1



---------------------------------------------------------------------------------------------------
From Clock:  clk_out1_clk_wiz_0_1
  To Clock:  clk_out1_clk_wiz_0_1

Setup :            0  Failing Endpoints,  Worst Slack        8.622ns,  Total Violation        0.000ns
Hold  :            0  Failing Endpoints,  Worst Slack        0.191ns,  Total Violation        0.000ns
PW    :            0  Failing Endpoints,  Worst Slack        5.382ns,  Total Violation        0.000ns
---------------------------------------------------------------------------------------------------


Max Delay Paths
--------------------------------------------------------------------------------------
Slack (MET) :             8.622ns  (required time - arrival time)
  Source:                 clk_div_inst/cnt_reg[0]/C
                            (rising edge-triggered cell FDRE clocked by clk_out1_clk_wiz_0_1  {rise@0.000ns fall@5.882ns period=11.765ns})
  Destination:            clk_div_inst/cnt_reg[8]/R
                            (rising edge-triggered cell FDRE clocked by clk_out1_clk_wiz_0_1  {rise@0.000ns fall@5.882ns period=11.765ns})
  Path Group:             clk_out1_clk_wiz_0_1
  Path Type:              Setup (Max at Slow Process Corner)
  Requirement:            11.765ns  (clk_out1_clk_wiz_0_1 rise@11.765ns - clk_out1_clk_wiz_0_1 rise@0.000ns)
  Data Path Delay:        2.576ns  (logic 0.704ns (27.330%)  route 1.872ns (72.670%))
  Logic Levels:           2  (LUT5=1 LUT6=1)
  Clock Path Skew:        -0.025ns (DCD - SCD + CPR)
    Destination Clock Delay (DCD):    -1.503ns = ( 10.262 - 11.765 ) 
    Source Clock Delay      (SCD):    -0.900ns
    Clock Pessimism Removal (CPR):    0.579ns
  Clock Uncertainty:      0.113ns  ((TSJ^2 + DJ^2)^1/2) / 2 + PE
    Total System Jitter     (TSJ):    0.071ns
    Discrete Jitter          (DJ):    0.215ns
    Phase Error              (PE):    0.000ns

    Location             Delay type                Incr(ns)  Path(ns)    Netlist Resource(s)
  -------------------------------------------------------------------    -------------------
                         (clock clk_out1_clk_wiz_0_1 rise edge)
                                                      0.000     0.000 r  
    E3                                                0.000     0.000 r  top_sys_clock (IN)
                         net (fo=0)                   0.000     0.000    clk_wiz_0_clk_wiz/inst/clk_in1
    E3                   IBUF (Prop_ibuf_I_O)         1.489     1.489 r  clk_wiz_0_clk_wiz/inst/clkin1_ibufg/O
                         net (fo=1, routed)           1.233     2.722    clk_wiz_0_clk_wiz/inst/clk_in1_clk_wiz_0
    MMCME2_ADV_X1Y1      MMCME2_ADV (Prop_mmcme2_adv_CLKIN1_CLKOUT0)
                                                     -6.946    -4.224 r  clk_wiz_0_clk_wiz/inst/mmcm_adv_inst/CLKOUT0
                         net (fo=1, routed)           1.661    -2.563    clk_wiz_0_clk_wiz/inst/clk_out1_clk_wiz_0
    BUFGCTRL_X0Y16       BUFG (Prop_bufg_I_O)         0.096    -2.467 r  clk_wiz_0_clk_wiz/inst/clkout1_buf/O
                         net (fo=12, routed)          1.567    -0.900    clk_div_inst/CLK
    SLICE_X36Y45         FDRE                                         r  clk_div_inst/cnt_reg[0]/C
  -------------------------------------------------------------------    -------------------
    SLICE_X36Y45         FDRE (Prop_fdre_C_Q)         0.456    -0.444 r  clk_div_inst/cnt_reg[0]/Q
                         net (fo=9, routed)           0.840     0.397    clk_div_inst/cnt[0]
    SLICE_X36Y45         LUT5 (Prop_lut5_I0_O)        0.124     0.521 f  clk_div_inst/cnt[9]_i_3/O
                         net (fo=1, routed)           0.430     0.951    clk_div_inst/cnt[9]_i_3_n_0
    SLICE_X36Y44         LUT6 (Prop_lut6_I5_O)        0.124     1.075 r  clk_div_inst/cnt[9]_i_1/O
                         net (fo=10, routed)          0.602     1.676    clk_div_inst/p_0_in
    SLICE_X37Y44         FDRE                                         r  clk_div_inst/cnt_reg[8]/R
  -------------------------------------------------------------------    -------------------

                         (clock clk_out1_clk_wiz_0_1 rise edge)
                                                     11.765    11.765 r  
    E3                                                0.000    11.765 r  top_sys_clock (IN)
                         net (fo=0)                   0.000    11.765    clk_wiz_0_clk_wiz/inst/clk_in1
    E3                   IBUF (Prop_ibuf_I_O)         1.418    13.183 r  clk_wiz_0_clk_wiz/inst/clkin1_ibufg/O
                         net (fo=1, routed)           1.162    14.345    clk_wiz_0_clk_wiz/inst/clk_in1_clk_wiz_0
    MMCME2_ADV_X1Y1      MMCME2_ADV (Prop_mmcme2_adv_CLKIN1_CLKOUT0)
                                                     -7.204     7.141 r  clk_wiz_0_clk_wiz/inst/mmcm_adv_inst/CLKOUT0
                         net (fo=1, routed)           1.581     8.722    clk_wiz_0_clk_wiz/inst/clk_out1_clk_wiz_0
    BUFGCTRL_X0Y16       BUFG (Prop_bufg_I_O)         0.091     8.813 r  clk_wiz_0_clk_wiz/inst/clkout1_buf/O
                         net (fo=12, routed)          1.448    10.262    clk_div_inst/CLK
    SLICE_X37Y44         FDRE                                         r  clk_div_inst/cnt_reg[8]/C
                         clock pessimism              0.579    10.840    
                         clock uncertainty           -0.113    10.727    
    SLICE_X37Y44         FDRE (Setup_fdre_C_R)       -0.429    10.298    clk_div_inst/cnt_reg[8]
  -------------------------------------------------------------------
                         required time                         10.298    
                         arrival time                          -1.676    
  -------------------------------------------------------------------
                         slack                                  8.622    

Slack (MET) :             8.622ns  (required time - arrival time)
  Source:                 clk_div_inst/cnt_reg[0]/C
                            (rising edge-triggered cell FDRE clocked by clk_out1_clk_wiz_0_1  {rise@0.000ns fall@5.882ns period=11.765ns})
  Destination:            clk_div_inst/cnt_reg[9]/R
                            (rising edge-triggered cell FDRE clocked by clk_out1_clk_wiz_0_1  {rise@0.000ns fall@5.882ns period=11.765ns})
  Path Group:             clk_out1_clk_wiz_0_1
  Path Type:              Setup (Max at Slow Process Corner)
  Requirement:            11.765ns  (clk_out1_clk_wiz_0_1 rise@11.765ns - clk_out1_clk_wiz_0_1 rise@0.000ns)
  Data Path Delay:        2.576ns  (logic 0.704ns (27.330%)  route 1.872ns (72.670%))
  Logic Levels:           2  (LUT5=1 LUT6=1)
  Clock Path Skew:        -0.025ns (DCD - SCD + CPR)
    Destination Clock Delay (DCD):    -1.503ns = ( 10.262 - 11.765 ) 
    Source Clock Delay      (SCD):    -0.900ns
    Clock Pessimism Removal (CPR):    0.579ns
  Clock Uncertainty:      0.113ns  ((TSJ^2 + DJ^2)^1/2) / 2 + PE
    Total System Jitter     (TSJ):    0.071ns
    Discrete Jitter          (DJ):    0.215ns
    Phase Error              (PE):    0.000ns

    Location             Delay type                Incr(ns)  Path(ns)    Netlist Resource(s)
  -------------------------------------------------------------------    -------------------
                         (clock clk_out1_clk_wiz_0_1 rise edge)
                                                      0.000     0.000 r  
    E3                                                0.000     0.000 r  top_sys_clock (IN)
                         net (fo=0)                   0.000     0.000    clk_wiz_0_clk_wiz/inst/clk_in1
    E3                   IBUF (Prop_ibuf_I_O)         1.489     1.489 r  clk_wiz_0_clk_wiz/inst/clkin1_ibufg/O
                         net (fo=1, routed)           1.233     2.722    clk_wiz_0_clk_wiz/inst/clk_in1_clk_wiz_0
    MMCME2_ADV_X1Y1      MMCME2_ADV (Prop_mmcme2_adv_CLKIN1_CLKOUT0)
                                                     -6.946    -4.224 r  clk_wiz_0_clk_wiz/inst/mmcm_adv_inst/CLKOUT0
                         net (fo=1, routed)           1.661    -2.563    clk_wiz_0_clk_wiz/inst/clk_out1_clk_wiz_0
    BUFGCTRL_X0Y16       BUFG (Prop_bufg_I_O)         0.096    -2.467 r  clk_wiz_0_clk_wiz/inst/clkout1_buf/O
                         net (fo=12, routed)          1.567    -0.900    clk_div_inst/CLK
    SLICE_X36Y45         FDRE                                         r  clk_div_inst/cnt_reg[0]/C
  -------------------------------------------------------------------    -------------------
    SLICE_X36Y45         FDRE (Prop_fdre_C_Q)         0.456    -0.444 r  clk_div_inst/cnt_reg[0]/Q
                         net (fo=9, routed)           0.840     0.397    clk_div_inst/cnt[0]
    SLICE_X36Y45         LUT5 (Prop_lut5_I0_O)        0.124     0.521 f  clk_div_inst/cnt[9]_i_3/O
                         net (fo=1, routed)           0.430     0.951    clk_div_inst/cnt[9]_i_3_n_0
    SLICE_X36Y44         LUT6 (Prop_lut6_I5_O)        0.124     1.075 r  clk_div_inst/cnt[9]_i_1/O
                         net (fo=10, routed)          0.602     1.676    clk_div_inst/p_0_in
    SLICE_X37Y44         FDRE                                         r  clk_div_inst/cnt_reg[9]/R
  -------------------------------------------------------------------    -------------------

                         (clock clk_out1_clk_wiz_0_1 rise edge)
                                                     11.765    11.765 r  
    E3                                                0.000    11.765 r  top_sys_clock (IN)
                         net (fo=0)                   0.000    11.765    clk_wiz_0_clk_wiz/inst/clk_in1
    E3                   IBUF (Prop_ibuf_I_O)         1.418    13.183 r  clk_wiz_0_clk_wiz/inst/clkin1_ibufg/O
                         net (fo=1, routed)           1.162    14.345    clk_wiz_0_clk_wiz/inst/clk_in1_clk_wiz_0
    MMCME2_ADV_X1Y1      MMCME2_ADV (Prop_mmcme2_adv_CLKIN1_CLKOUT0)
                                                     -7.204     7.141 r  clk_wiz_0_clk_wiz/inst/mmcm_adv_inst/CLKOUT0
                         net (fo=1, routed)           1.581     8.722    clk_wiz_0_clk_wiz/inst/clk_out1_clk_wiz_0
    BUFGCTRL_X0Y16       BUFG (Prop_bufg_I_O)         0.091     8.813 r  clk_wiz_0_clk_wiz/inst/clkout1_buf/O
                         net (fo=12, routed)          1.448    10.262    clk_div_inst/CLK
    SLICE_X37Y44         FDRE                                         r  clk_div_inst/cnt_reg[9]/C
                         clock pessimism              0.579    10.840    
                         clock uncertainty           -0.113    10.727    
    SLICE_X37Y44         FDRE (Setup_fdre_C_R)       -0.429    10.298    clk_div_inst/cnt_reg[9]
  -------------------------------------------------------------------
                         required time                         10.298    
                         arrival time                          -1.676    
  -------------------------------------------------------------------
                         slack                                  8.622    

Slack (MET) :             8.714ns  (required time - arrival time)
  Source:                 clk_div_inst/cnt_reg[0]/C
                            (rising edge-triggered cell FDRE clocked by clk_out1_clk_wiz_0_1  {rise@0.000ns fall@5.882ns period=11.765ns})
  Destination:            clk_div_inst/cnt_reg[6]/R
                            (rising edge-triggered cell FDRE clocked by clk_out1_clk_wiz_0_1  {rise@0.000ns fall@5.882ns period=11.765ns})
  Path Group:             clk_out1_clk_wiz_0_1
  Path Type:              Setup (Max at Slow Process Corner)
  Requirement:            11.765ns  (clk_out1_clk_wiz_0_1 rise@11.765ns - clk_out1_clk_wiz_0_1 rise@0.000ns)
  Data Path Delay:        2.483ns  (logic 0.704ns (28.352%)  route 1.779ns (71.648%))
  Logic Levels:           2  (LUT5=1 LUT6=1)
  Clock Path Skew:        -0.025ns (DCD - SCD + CPR)
    Destination Clock Delay (DCD):    -1.503ns = ( 10.262 - 11.765 ) 
    Source Clock Delay      (SCD):    -0.900ns
    Clock Pessimism Removal (CPR):    0.579ns
  Clock Uncertainty:      0.113ns  ((TSJ^2 + DJ^2)^1/2) / 2 + PE
    Total System Jitter     (TSJ):    0.071ns
    Discrete Jitter          (DJ):    0.215ns
    Phase Error              (PE):    0.000ns

    Location             Delay type                Incr(ns)  Path(ns)    Netlist Resource(s)
  -------------------------------------------------------------------    -------------------
                         (clock clk_out1_clk_wiz_0_1 rise edge)
                                                      0.000     0.000 r  
    E3                                                0.000     0.000 r  top_sys_clock (IN)
                         net (fo=0)                   0.000     0.000    clk_wiz_0_clk_wiz/inst/clk_in1
    E3                   IBUF (Prop_ibuf_I_O)         1.489     1.489 r  clk_wiz_0_clk_wiz/inst/clkin1_ibufg/O
                         net (fo=1, routed)           1.233     2.722    clk_wiz_0_clk_wiz/inst/clk_in1_clk_wiz_0
    MMCME2_ADV_X1Y1      MMCME2_ADV (Prop_mmcme2_adv_CLKIN1_CLKOUT0)
                                                     -6.946    -4.224 r  clk_wiz_0_clk_wiz/inst/mmcm_adv_inst/CLKOUT0
                         net (fo=1, routed)           1.661    -2.563    clk_wiz_0_clk_wiz/inst/clk_out1_clk_wiz_0
    BUFGCTRL_X0Y16       BUFG (Prop_bufg_I_O)         0.096    -2.467 r  clk_wiz_0_clk_wiz/inst/clkout1_buf/O
                         net (fo=12, routed)          1.567    -0.900    clk_div_inst/CLK
    SLICE_X36Y45         FDRE                                         r  clk_div_inst/cnt_reg[0]/C
  -------------------------------------------------------------------    -------------------
    SLICE_X36Y45         FDRE (Prop_fdre_C_Q)         0.456    -0.444 r  clk_div_inst/cnt_reg[0]/Q
                         net (fo=9, routed)           0.840     0.397    clk_div_inst/cnt[0]
    SLICE_X36Y45         LUT5 (Prop_lut5_I0_O)        0.124     0.521 f  clk_div_inst/cnt[9]_i_3/O
                         net (fo=1, routed)           0.430     0.951    clk_div_inst/cnt[9]_i_3_n_0
    SLICE_X36Y44         LUT6 (Prop_lut6_I5_O)        0.124     1.075 r  clk_div_inst/cnt[9]_i_1/O
                         net (fo=10, routed)          0.509     1.584    clk_div_inst/p_0_in
    SLICE_X36Y43         FDRE                                         r  clk_div_inst/cnt_reg[6]/R
  -------------------------------------------------------------------    -------------------

                         (clock clk_out1_clk_wiz_0_1 rise edge)
                                                     11.765    11.765 r  
    E3                                                0.000    11.765 r  top_sys_clock (IN)
                         net (fo=0)                   0.000    11.765    clk_wiz_0_clk_wiz/inst/clk_in1
    E3                   IBUF (Prop_ibuf_I_O)         1.418    13.183 r  clk_wiz_0_clk_wiz/inst/clkin1_ibufg/O
                         net (fo=1, routed)           1.162    14.345    clk_wiz_0_clk_wiz/inst/clk_in1_clk_wiz_0
    MMCME2_ADV_X1Y1      MMCME2_ADV (Prop_mmcme2_adv_CLKIN1_CLKOUT0)
                                                     -7.204     7.141 r  clk_wiz_0_clk_wiz/inst/mmcm_adv_inst/CLKOUT0
                         net (fo=1, routed)           1.581     8.722    clk_wiz_0_clk_wiz/inst/clk_out1_clk_wiz_0
    BUFGCTRL_X0Y16       BUFG (Prop_bufg_I_O)         0.091     8.813 r  clk_wiz_0_clk_wiz/inst/clkout1_buf/O
                         net (fo=12, routed)          1.448    10.262    clk_div_inst/CLK
    SLICE_X36Y43         FDRE                                         r  clk_div_inst/cnt_reg[6]/C
                         clock pessimism              0.579    10.840    
                         clock uncertainty           -0.113    10.727    
    SLICE_X36Y43         FDRE (Setup_fdre_C_R)       -0.429    10.298    clk_div_inst/cnt_reg[6]
  -------------------------------------------------------------------
                         required time                         10.298    
                         arrival time                          -1.584    
  -------------------------------------------------------------------
                         slack                                  8.714    

Slack (MET) :             8.714ns  (required time - arrival time)
  Source:                 clk_div_inst/cnt_reg[0]/C
                            (rising edge-triggered cell FDRE clocked by clk_out1_clk_wiz_0_1  {rise@0.000ns fall@5.882ns period=11.765ns})
  Destination:            clk_div_inst/cnt_reg[7]/R
                            (rising edge-triggered cell FDRE clocked by clk_out1_clk_wiz_0_1  {rise@0.000ns fall@5.882ns period=11.765ns})
  Path Group:             clk_out1_clk_wiz_0_1
  Path Type:              Setup (Max at Slow Process Corner)
  Requirement:            11.765ns  (clk_out1_clk_wiz_0_1 rise@11.765ns - clk_out1_clk_wiz_0_1 rise@0.000ns)
  Data Path Delay:        2.483ns  (logic 0.704ns (28.352%)  route 1.779ns (71.648%))
  Logic Levels:           2  (LUT5=1 LUT6=1)
  Clock Path Skew:        -0.025ns (DCD - SCD + CPR)
    Destination Clock Delay (DCD):    -1.503ns = ( 10.262 - 11.765 ) 
    Source Clock Delay      (SCD):    -0.900ns
    Clock Pessimism Removal (CPR):    0.579ns
  Clock Uncertainty:      0.113ns  ((TSJ^2 + DJ^2)^1/2) / 2 + PE
    Total System Jitter     (TSJ):    0.071ns
    Discrete Jitter          (DJ):    0.215ns
    Phase Error              (PE):    0.000ns

    Location             Delay type                Incr(ns)  Path(ns)    Netlist Resource(s)
  -------------------------------------------------------------------    -------------------
                         (clock clk_out1_clk_wiz_0_1 rise edge)
                                                      0.000     0.000 r  
    E3                                                0.000     0.000 r  top_sys_clock (IN)
                         net (fo=0)                   0.000     0.000    clk_wiz_0_clk_wiz/inst/clk_in1
    E3                   IBUF (Prop_ibuf_I_O)         1.489     1.489 r  clk_wiz_0_clk_wiz/inst/clkin1_ibufg/O
                         net (fo=1, routed)           1.233     2.722    clk_wiz_0_clk_wiz/inst/clk_in1_clk_wiz_0
    MMCME2_ADV_X1Y1      MMCME2_ADV (Prop_mmcme2_adv_CLKIN1_CLKOUT0)
                                                     -6.946    -4.224 r  clk_wiz_0_clk_wiz/inst/mmcm_adv_inst/CLKOUT0
                         net (fo=1, routed)           1.661    -2.563    clk_wiz_0_clk_wiz/inst/clk_out1_clk_wiz_0
    BUFGCTRL_X0Y16       BUFG (Prop_bufg_I_O)         0.096    -2.467 r  clk_wiz_0_clk_wiz/inst/clkout1_buf/O
                         net (fo=12, routed)          1.567    -0.900    clk_div_inst/CLK
    SLICE_X36Y45         FDRE                                         r  clk_div_inst/cnt_reg[0]/C
  -------------------------------------------------------------------    -------------------
    SLICE_X36Y45         FDRE (Prop_fdre_C_Q)         0.456    -0.444 r  clk_div_inst/cnt_reg[0]/Q
                         net (fo=9, routed)           0.840     0.397    clk_div_inst/cnt[0]
    SLICE_X36Y45         LUT5 (Prop_lut5_I0_O)        0.124     0.521 f  clk_div_inst/cnt[9]_i_3/O
                         net (fo=1, routed)           0.430     0.951    clk_div_inst/cnt[9]_i_3_n_0
    SLICE_X36Y44         LUT6 (Prop_lut6_I5_O)        0.124     1.075 r  clk_div_inst/cnt[9]_i_1/O
                         net (fo=10, routed)          0.509     1.584    clk_div_inst/p_0_in
    SLICE_X36Y43         FDRE                                         r  clk_div_inst/cnt_reg[7]/R
  -------------------------------------------------------------------    -------------------

                         (clock clk_out1_clk_wiz_0_1 rise edge)
                                                     11.765    11.765 r  
    E3                                                0.000    11.765 r  top_sys_clock (IN)
                         net (fo=0)                   0.000    11.765    clk_wiz_0_clk_wiz/inst/clk_in1
    E3                   IBUF (Prop_ibuf_I_O)         1.418    13.183 r  clk_wiz_0_clk_wiz/inst/clkin1_ibufg/O
                         net (fo=1, routed)           1.162    14.345    clk_wiz_0_clk_wiz/inst/clk_in1_clk_wiz_0
    MMCME2_ADV_X1Y1      MMCME2_ADV (Prop_mmcme2_adv_CLKIN1_CLKOUT0)
                                                     -7.204     7.141 r  clk_wiz_0_clk_wiz/inst/mmcm_adv_inst/CLKOUT0
                         net (fo=1, routed)           1.581     8.722    clk_wiz_0_clk_wiz/inst/clk_out1_clk_wiz_0
    BUFGCTRL_X0Y16       BUFG (Prop_bufg_I_O)         0.091     8.813 r  clk_wiz_0_clk_wiz/inst/clkout1_buf/O
                         net (fo=12, routed)          1.448    10.262    clk_div_inst/CLK
    SLICE_X36Y43         FDRE                                         r  clk_div_inst/cnt_reg[7]/C
                         clock pessimism              0.579    10.840    
                         clock uncertainty           -0.113    10.727    
    SLICE_X36Y43         FDRE (Setup_fdre_C_R)       -0.429    10.298    clk_div_inst/cnt_reg[7]
  -------------------------------------------------------------------
                         required time                         10.298    
                         arrival time                          -1.584    
  -------------------------------------------------------------------
                         slack                                  8.714    

Slack (MET) :             8.855ns  (required time - arrival time)
  Source:                 clk_div_inst/cnt_reg[0]/C
                            (rising edge-triggered cell FDRE clocked by clk_out1_clk_wiz_0_1  {rise@0.000ns fall@5.882ns period=11.765ns})
  Destination:            clk_div_inst/cnt_reg[4]/R
                            (rising edge-triggered cell FDRE clocked by clk_out1_clk_wiz_0_1  {rise@0.000ns fall@5.882ns period=11.765ns})
  Path Group:             clk_out1_clk_wiz_0_1
  Path Type:              Setup (Max at Slow Process Corner)
  Requirement:            11.765ns  (clk_out1_clk_wiz_0_1 rise@11.765ns - clk_out1_clk_wiz_0_1 rise@0.000ns)
  Data Path Delay:        2.345ns  (logic 0.704ns (30.020%)  route 1.641ns (69.980%))
  Logic Levels:           2  (LUT5=1 LUT6=1)
  Clock Path Skew:        -0.022ns (DCD - SCD + CPR)
    Destination Clock Delay (DCD):    -1.503ns = ( 10.262 - 11.765 ) 
    Source Clock Delay      (SCD):    -0.900ns
    Clock Pessimism Removal (CPR):    0.582ns
  Clock Uncertainty:      0.113ns  ((TSJ^2 + DJ^2)^1/2) / 2 + PE
    Total System Jitter     (TSJ):    0.071ns
    Discrete Jitter          (DJ):    0.215ns
    Phase Error              (PE):    0.000ns

    Location             Delay type                Incr(ns)  Path(ns)    Netlist Resource(s)
  -------------------------------------------------------------------    -------------------
                         (clock clk_out1_clk_wiz_0_1 rise edge)
                                                      0.000     0.000 r  
    E3                                                0.000     0.000 r  top_sys_clock (IN)
                         net (fo=0)                   0.000     0.000    clk_wiz_0_clk_wiz/inst/clk_in1
    E3                   IBUF (Prop_ibuf_I_O)         1.489     1.489 r  clk_wiz_0_clk_wiz/inst/clkin1_ibufg/O
                         net (fo=1, routed)           1.233     2.722    clk_wiz_0_clk_wiz/inst/clk_in1_clk_wiz_0
    MMCME2_ADV_X1Y1      MMCME2_ADV (Prop_mmcme2_adv_CLKIN1_CLKOUT0)
                                                     -6.946    -4.224 r  clk_wiz_0_clk_wiz/inst/mmcm_adv_inst/CLKOUT0
                         net (fo=1, routed)           1.661    -2.563    clk_wiz_0_clk_wiz/inst/clk_out1_clk_wiz_0
    BUFGCTRL_X0Y16       BUFG (Prop_bufg_I_O)         0.096    -2.467 r  clk_wiz_0_clk_wiz/inst/clkout1_buf/O
                         net (fo=12, routed)          1.567    -0.900    clk_div_inst/CLK
    SLICE_X36Y45         FDRE                                         r  clk_div_inst/cnt_reg[0]/C
  -------------------------------------------------------------------    -------------------
    SLICE_X36Y45         FDRE (Prop_fdre_C_Q)         0.456    -0.444 r  clk_div_inst/cnt_reg[0]/Q
                         net (fo=9, routed)           0.840     0.397    clk_div_inst/cnt[0]
    SLICE_X36Y45         LUT5 (Prop_lut5_I0_O)        0.124     0.521 f  clk_div_inst/cnt[9]_i_3/O
                         net (fo=1, routed)           0.430     0.951    clk_div_inst/cnt[9]_i_3_n_0
    SLICE_X36Y44         LUT6 (Prop_lut6_I5_O)        0.124     1.075 r  clk_div_inst/cnt[9]_i_1/O
                         net (fo=10, routed)          0.371     1.446    clk_div_inst/p_0_in
    SLICE_X37Y45         FDRE                                         r  clk_div_inst/cnt_reg[4]/R
  -------------------------------------------------------------------    -------------------

                         (clock clk_out1_clk_wiz_0_1 rise edge)
                                                     11.765    11.765 r  
    E3                                                0.000    11.765 r  top_sys_clock (IN)
                         net (fo=0)                   0.000    11.765    clk_wiz_0_clk_wiz/inst/clk_in1
    E3                   IBUF (Prop_ibuf_I_O)         1.418    13.183 r  clk_wiz_0_clk_wiz/inst/clkin1_ibufg/O
                         net (fo=1, routed)           1.162    14.345    clk_wiz_0_clk_wiz/inst/clk_in1_clk_wiz_0
    MMCME2_ADV_X1Y1      MMCME2_ADV (Prop_mmcme2_adv_CLKIN1_CLKOUT0)
                                                     -7.204     7.141 r  clk_wiz_0_clk_wiz/inst/mmcm_adv_inst/CLKOUT0
                         net (fo=1, routed)           1.581     8.722    clk_wiz_0_clk_wiz/inst/clk_out1_clk_wiz_0
    BUFGCTRL_X0Y16       BUFG (Prop_bufg_I_O)         0.091     8.813 r  clk_wiz_0_clk_wiz/inst/clkout1_buf/O
                         net (fo=12, routed)          1.448    10.262    clk_div_inst/CLK
    SLICE_X37Y45         FDRE                                         r  clk_div_inst/cnt_reg[4]/C
                         clock pessimism              0.582    10.843    
                         clock uncertainty           -0.113    10.730    
    SLICE_X37Y45         FDRE (Setup_fdre_C_R)       -0.429    10.301    clk_div_inst/cnt_reg[4]
  -------------------------------------------------------------------
                         required time                         10.301    
                         arrival time                          -1.446    
  -------------------------------------------------------------------
                         slack                                  8.855    

Slack (MET) :             8.873ns  (required time - arrival time)
  Source:                 clk_div_inst/cnt_reg[0]/C
                            (rising edge-triggered cell FDRE clocked by clk_out1_clk_wiz_0_1  {rise@0.000ns fall@5.882ns period=11.765ns})
  Destination:            clk_div_inst/cnt_reg[0]/R
                            (rising edge-triggered cell FDRE clocked by clk_out1_clk_wiz_0_1  {rise@0.000ns fall@5.882ns period=11.765ns})
  Path Group:             clk_out1_clk_wiz_0_1
  Path Type:              Setup (Max at Slow Process Corner)
  Requirement:            11.765ns  (clk_out1_clk_wiz_0_1 rise@11.765ns - clk_out1_clk_wiz_0_1 rise@0.000ns)
  Data Path Delay:        2.349ns  (logic 0.704ns (29.965%)  route 1.645ns (70.035%))
  Logic Levels:           2  (LUT5=1 LUT6=1)
  Clock Path Skew:        0.000ns (DCD - SCD + CPR)
    Destination Clock Delay (DCD):    -1.503ns = ( 10.262 - 11.765 ) 
    Source Clock Delay      (SCD):    -0.900ns
    Clock Pessimism Removal (CPR):    0.604ns
  Clock Uncertainty:      0.113ns  ((TSJ^2 + DJ^2)^1/2) / 2 + PE
    Total System Jitter     (TSJ):    0.071ns
    Discrete Jitter          (DJ):    0.215ns
    Phase Error              (PE):    0.000ns

    Location             Delay type                Incr(ns)  Path(ns)    Netlist Resource(s)
  -------------------------------------------------------------------    -------------------
                         (clock clk_out1_clk_wiz_0_1 rise edge)
                                                      0.000     0.000 r  
    E3                                                0.000     0.000 r  top_sys_clock (IN)
                         net (fo=0)                   0.000     0.000    clk_wiz_0_clk_wiz/inst/clk_in1
    E3                   IBUF (Prop_ibuf_I_O)         1.489     1.489 r  clk_wiz_0_clk_wiz/inst/clkin1_ibufg/O
                         net (fo=1, routed)           1.233     2.722    clk_wiz_0_clk_wiz/inst/clk_in1_clk_wiz_0
    MMCME2_ADV_X1Y1      MMCME2_ADV (Prop_mmcme2_adv_CLKIN1_CLKOUT0)
                                                     -6.946    -4.224 r  clk_wiz_0_clk_wiz/inst/mmcm_adv_inst/CLKOUT0
                         net (fo=1, routed)           1.661    -2.563    clk_wiz_0_clk_wiz/inst/clk_out1_clk_wiz_0
    BUFGCTRL_X0Y16       BUFG (Prop_bufg_I_O)         0.096    -2.467 r  clk_wiz_0_clk_wiz/inst/clkout1_buf/O
                         net (fo=12, routed)          1.567    -0.900    clk_div_inst/CLK
    SLICE_X36Y45         FDRE                                         r  clk_div_inst/cnt_reg[0]/C
  -------------------------------------------------------------------    -------------------
    SLICE_X36Y45         FDRE (Prop_fdre_C_Q)         0.456    -0.444 r  clk_div_inst/cnt_reg[0]/Q
                         net (fo=9, routed)           0.840     0.397    clk_div_inst/cnt[0]
    SLICE_X36Y45         LUT5 (Prop_lut5_I0_O)        0.124     0.521 f  clk_div_inst/cnt[9]_i_3/O
                         net (fo=1, routed)           0.430     0.951    clk_div_inst/cnt[9]_i_3_n_0
    SLICE_X36Y44         LUT6 (Prop_lut6_I5_O)        0.124     1.075 r  clk_div_inst/cnt[9]_i_1/O
                         net (fo=10, routed)          0.375     1.450    clk_div_inst/p_0_in
    SLICE_X36Y45         FDRE                                         r  clk_div_inst/cnt_reg[0]/R
  -------------------------------------------------------------------    -------------------

                         (clock clk_out1_clk_wiz_0_1 rise edge)
                                                     11.765    11.765 r  
    E3                                                0.000    11.765 r  top_sys_clock (IN)
                         net (fo=0)                   0.000    11.765    clk_wiz_0_clk_wiz/inst/clk_in1
    E3                   IBUF (Prop_ibuf_I_O)         1.418    13.183 r  clk_wiz_0_clk_wiz/inst/clkin1_ibufg/O
                         net (fo=1, routed)           1.162    14.345    clk_wiz_0_clk_wiz/inst/clk_in1_clk_wiz_0
    MMCME2_ADV_X1Y1      MMCME2_ADV (Prop_mmcme2_adv_CLKIN1_CLKOUT0)
                                                     -7.204     7.141 r  clk_wiz_0_clk_wiz/inst/mmcm_adv_inst/CLKOUT0
                         net (fo=1, routed)           1.581     8.722    clk_wiz_0_clk_wiz/inst/clk_out1_clk_wiz_0
    BUFGCTRL_X0Y16       BUFG (Prop_bufg_I_O)         0.091     8.813 r  clk_wiz_0_clk_wiz/inst/clkout1_buf/O
                         net (fo=12, routed)          1.448    10.262    clk_div_inst/CLK
    SLICE_X36Y45         FDRE                                         r  clk_div_inst/cnt_reg[0]/C
                         clock pessimism              0.604    10.865    
                         clock uncertainty           -0.113    10.752    
    SLICE_X36Y45         FDRE (Setup_fdre_C_R)       -0.429    10.323    clk_div_inst/cnt_reg[0]
  -------------------------------------------------------------------
                         required time                         10.323    
                         arrival time                          -1.450    
  -------------------------------------------------------------------
                         slack                                  8.873    

Slack (MET) :             8.873ns  (required time - arrival time)
  Source:                 clk_div_inst/cnt_reg[0]/C
                            (rising edge-triggered cell FDRE clocked by clk_out1_clk_wiz_0_1  {rise@0.000ns fall@5.882ns period=11.765ns})
  Destination:            clk_div_inst/cnt_reg[1]/R
                            (rising edge-triggered cell FDRE clocked by clk_out1_clk_wiz_0_1  {rise@0.000ns fall@5.882ns period=11.765ns})
  Path Group:             clk_out1_clk_wiz_0_1
  Path Type:              Setup (Max at Slow Process Corner)
  Requirement:            11.765ns  (clk_out1_clk_wiz_0_1 rise@11.765ns - clk_out1_clk_wiz_0_1 rise@0.000ns)
  Data Path Delay:        2.349ns  (logic 0.704ns (29.965%)  route 1.645ns (70.035%))
  Logic Levels:           2  (LUT5=1 LUT6=1)
  Clock Path Skew:        0.000ns (DCD - SCD + CPR)
    Destination Clock Delay (DCD):    -1.503ns = ( 10.262 - 11.765 ) 
    Source Clock Delay      (SCD):    -0.900ns
    Clock Pessimism Removal (CPR):    0.604ns
  Clock Uncertainty:      0.113ns  ((TSJ^2 + DJ^2)^1/2) / 2 + PE
    Total System Jitter     (TSJ):    0.071ns
    Discrete Jitter          (DJ):    0.215ns
    Phase Error              (PE):    0.000ns

    Location             Delay type                Incr(ns)  Path(ns)    Netlist Resource(s)
  -------------------------------------------------------------------    -------------------
                         (clock clk_out1_clk_wiz_0_1 rise edge)
                                                      0.000     0.000 r  
    E3                                                0.000     0.000 r  top_sys_clock (IN)
                         net (fo=0)                   0.000     0.000    clk_wiz_0_clk_wiz/inst/clk_in1
    E3                   IBUF (Prop_ibuf_I_O)         1.489     1.489 r  clk_wiz_0_clk_wiz/inst/clkin1_ibufg/O
                         net (fo=1, routed)           1.233     2.722    clk_wiz_0_clk_wiz/inst/clk_in1_clk_wiz_0
    MMCME2_ADV_X1Y1      MMCME2_ADV (Prop_mmcme2_adv_CLKIN1_CLKOUT0)
                                                     -6.946    -4.224 r  clk_wiz_0_clk_wiz/inst/mmcm_adv_inst/CLKOUT0
                         net (fo=1, routed)           1.661    -2.563    clk_wiz_0_clk_wiz/inst/clk_out1_clk_wiz_0
    BUFGCTRL_X0Y16       BUFG (Prop_bufg_I_O)         0.096    -2.467 r  clk_wiz_0_clk_wiz/inst/clkout1_buf/O
                         net (fo=12, routed)          1.567    -0.900    clk_div_inst/CLK
    SLICE_X36Y45         FDRE                                         r  clk_div_inst/cnt_reg[0]/C
  -------------------------------------------------------------------    -------------------
    SLICE_X36Y45         FDRE (Prop_fdre_C_Q)         0.456    -0.444 r  clk_div_inst/cnt_reg[0]/Q
                         net (fo=9, routed)           0.840     0.397    clk_div_inst/cnt[0]
    SLICE_X36Y45         LUT5 (Prop_lut5_I0_O)        0.124     0.521 f  clk_div_inst/cnt[9]_i_3/O
                         net (fo=1, routed)           0.430     0.951    clk_div_inst/cnt[9]_i_3_n_0
    SLICE_X36Y44         LUT6 (Prop_lut6_I5_O)        0.124     1.075 r  clk_div_inst/cnt[9]_i_1/O
                         net (fo=10, routed)          0.375     1.450    clk_div_inst/p_0_in
    SLICE_X36Y45         FDRE                                         r  clk_div_inst/cnt_reg[1]/R
  -------------------------------------------------------------------    -------------------

                         (clock clk_out1_clk_wiz_0_1 rise edge)
                                                     11.765    11.765 r  
    E3                                                0.000    11.765 r  top_sys_clock (IN)
                         net (fo=0)                   0.000    11.765    clk_wiz_0_clk_wiz/inst/clk_in1
    E3                   IBUF (Prop_ibuf_I_O)         1.418    13.183 r  clk_wiz_0_clk_wiz/inst/clkin1_ibufg/O
                         net (fo=1, routed)           1.162    14.345    clk_wiz_0_clk_wiz/inst/clk_in1_clk_wiz_0
    MMCME2_ADV_X1Y1      MMCME2_ADV (Prop_mmcme2_adv_CLKIN1_CLKOUT0)
                                                     -7.204     7.141 r  clk_wiz_0_clk_wiz/inst/mmcm_adv_inst/CLKOUT0
                         net (fo=1, routed)           1.581     8.722    clk_wiz_0_clk_wiz/inst/clk_out1_clk_wiz_0
    BUFGCTRL_X0Y16       BUFG (Prop_bufg_I_O)         0.091     8.813 r  clk_wiz_0_clk_wiz/inst/clkout1_buf/O
                         net (fo=12, routed)          1.448    10.262    clk_div_inst/CLK
    SLICE_X36Y45         FDRE                                         r  clk_div_inst/cnt_reg[1]/C
                         clock pessimism              0.604    10.865    
                         clock uncertainty           -0.113    10.752    
    SLICE_X36Y45         FDRE (Setup_fdre_C_R)       -0.429    10.323    clk_div_inst/cnt_reg[1]
  -------------------------------------------------------------------
                         required time                         10.323    
                         arrival time                          -1.450    
  -------------------------------------------------------------------
                         slack                                  8.873    

Slack (MET) :             8.873ns  (required time - arrival time)
  Source:                 clk_div_inst/cnt_reg[0]/C
                            (rising edge-triggered cell FDRE clocked by clk_out1_clk_wiz_0_1  {rise@0.000ns fall@5.882ns period=11.765ns})
  Destination:            clk_div_inst/cnt_reg[2]/R
                            (rising edge-triggered cell FDRE clocked by clk_out1_clk_wiz_0_1  {rise@0.000ns fall@5.882ns period=11.765ns})
  Path Group:             clk_out1_clk_wiz_0_1
  Path Type:              Setup (Max at Slow Process Corner)
  Requirement:            11.765ns  (clk_out1_clk_wiz_0_1 rise@11.765ns - clk_out1_clk_wiz_0_1 rise@0.000ns)
  Data Path Delay:        2.349ns  (logic 0.704ns (29.965%)  route 1.645ns (70.035%))
  Logic Levels:           2  (LUT5=1 LUT6=1)
  Clock Path Skew:        0.000ns (DCD - SCD + CPR)
    Destination Clock Delay (DCD):    -1.503ns = ( 10.262 - 11.765 ) 
    Source Clock Delay      (SCD):    -0.900ns
    Clock Pessimism Removal (CPR):    0.604ns
  Clock Uncertainty:      0.113ns  ((TSJ^2 + DJ^2)^1/2) / 2 + PE
    Total System Jitter     (TSJ):    0.071ns
    Discrete Jitter          (DJ):    0.215ns
    Phase Error              (PE):    0.000ns

    Location             Delay type                Incr(ns)  Path(ns)    Netlist Resource(s)
  -------------------------------------------------------------------    -------------------
                         (clock clk_out1_clk_wiz_0_1 rise edge)
                                                      0.000     0.000 r  
    E3                                                0.000     0.000 r  top_sys_clock (IN)
                         net (fo=0)                   0.000     0.000    clk_wiz_0_clk_wiz/inst/clk_in1
    E3                   IBUF (Prop_ibuf_I_O)         1.489     1.489 r  clk_wiz_0_clk_wiz/inst/clkin1_ibufg/O
                         net (fo=1, routed)           1.233     2.722    clk_wiz_0_clk_wiz/inst/clk_in1_clk_wiz_0
    MMCME2_ADV_X1Y1      MMCME2_ADV (Prop_mmcme2_adv_CLKIN1_CLKOUT0)
                                                     -6.946    -4.224 r  clk_wiz_0_clk_wiz/inst/mmcm_adv_inst/CLKOUT0
                         net (fo=1, routed)           1.661    -2.563    clk_wiz_0_clk_wiz/inst/clk_out1_clk_wiz_0
    BUFGCTRL_X0Y16       BUFG (Prop_bufg_I_O)         0.096    -2.467 r  clk_wiz_0_clk_wiz/inst/clkout1_buf/O
                         net (fo=12, routed)          1.567    -0.900    clk_div_inst/CLK
    SLICE_X36Y45         FDRE                                         r  clk_div_inst/cnt_reg[0]/C
  -------------------------------------------------------------------    -------------------
    SLICE_X36Y45         FDRE (Prop_fdre_C_Q)         0.456    -0.444 r  clk_div_inst/cnt_reg[0]/Q
                         net (fo=9, routed)           0.840     0.397    clk_div_inst/cnt[0]
    SLICE_X36Y45         LUT5 (Prop_lut5_I0_O)        0.124     0.521 f  clk_div_inst/cnt[9]_i_3/O
                         net (fo=1, routed)           0.430     0.951    clk_div_inst/cnt[9]_i_3_n_0
    SLICE_X36Y44         LUT6 (Prop_lut6_I5_O)        0.124     1.075 r  clk_div_inst/cnt[9]_i_1/O
                         net (fo=10, routed)          0.375     1.450    clk_div_inst/p_0_in
    SLICE_X36Y45         FDRE                                         r  clk_div_inst/cnt_reg[2]/R
  -------------------------------------------------------------------    -------------------

                         (clock clk_out1_clk_wiz_0_1 rise edge)
                                                     11.765    11.765 r  
    E3                                                0.000    11.765 r  top_sys_clock (IN)
                         net (fo=0)                   0.000    11.765    clk_wiz_0_clk_wiz/inst/clk_in1
    E3                   IBUF (Prop_ibuf_I_O)         1.418    13.183 r  clk_wiz_0_clk_wiz/inst/clkin1_ibufg/O
                         net (fo=1, routed)           1.162    14.345    clk_wiz_0_clk_wiz/inst/clk_in1_clk_wiz_0
    MMCME2_ADV_X1Y1      MMCME2_ADV (Prop_mmcme2_adv_CLKIN1_CLKOUT0)
                                                     -7.204     7.141 r  clk_wiz_0_clk_wiz/inst/mmcm_adv_inst/CLKOUT0
                         net (fo=1, routed)           1.581     8.722    clk_wiz_0_clk_wiz/inst/clk_out1_clk_wiz_0
    BUFGCTRL_X0Y16       BUFG (Prop_bufg_I_O)         0.091     8.813 r  clk_wiz_0_clk_wiz/inst/clkout1_buf/O
                         net (fo=12, routed)          1.448    10.262    clk_div_inst/CLK
    SLICE_X36Y45         FDRE                                         r  clk_div_inst/cnt_reg[2]/C
                         clock pessimism              0.604    10.865    
                         clock uncertainty           -0.113    10.752    
    SLICE_X36Y45         FDRE (Setup_fdre_C_R)       -0.429    10.323    clk_div_inst/cnt_reg[2]
  -------------------------------------------------------------------
                         required time                         10.323    
                         arrival time                          -1.450    
  -------------------------------------------------------------------
                         slack                                  8.873    

Slack (MET) :             8.873ns  (required time - arrival time)
  Source:                 clk_div_inst/cnt_reg[0]/C
                            (rising edge-triggered cell FDRE clocked by clk_out1_clk_wiz_0_1  {rise@0.000ns fall@5.882ns period=11.765ns})
  Destination:            clk_div_inst/cnt_reg[3]/R
                            (rising edge-triggered cell FDRE clocked by clk_out1_clk_wiz_0_1  {rise@0.000ns fall@5.882ns period=11.765ns})
  Path Group:             clk_out1_clk_wiz_0_1
  Path Type:              Setup (Max at Slow Process Corner)
  Requirement:            11.765ns  (clk_out1_clk_wiz_0_1 rise@11.765ns - clk_out1_clk_wiz_0_1 rise@0.000ns)
  Data Path Delay:        2.349ns  (logic 0.704ns (29.965%)  route 1.645ns (70.035%))
  Logic Levels:           2  (LUT5=1 LUT6=1)
  Clock Path Skew:        0.000ns (DCD - SCD + CPR)
    Destination Clock Delay (DCD):    -1.503ns = ( 10.262 - 11.765 ) 
    Source Clock Delay      (SCD):    -0.900ns
    Clock Pessimism Removal (CPR):    0.604ns
  Clock Uncertainty:      0.113ns  ((TSJ^2 + DJ^2)^1/2) / 2 + PE
    Total System Jitter     (TSJ):    0.071ns
    Discrete Jitter          (DJ):    0.215ns
    Phase Error              (PE):    0.000ns

    Location             Delay type                Incr(ns)  Path(ns)    Netlist Resource(s)
  -------------------------------------------------------------------    -------------------
                         (clock clk_out1_clk_wiz_0_1 rise edge)
                                                      0.000     0.000 r  
    E3                                                0.000     0.000 r  top_sys_clock (IN)
                         net (fo=0)                   0.000     0.000    clk_wiz_0_clk_wiz/inst/clk_in1
    E3                   IBUF (Prop_ibuf_I_O)         1.489     1.489 r  clk_wiz_0_clk_wiz/inst/clkin1_ibufg/O
                         net (fo=1, routed)           1.233     2.722    clk_wiz_0_clk_wiz/inst/clk_in1_clk_wiz_0
    MMCME2_ADV_X1Y1      MMCME2_ADV (Prop_mmcme2_adv_CLKIN1_CLKOUT0)
                                                     -6.946    -4.224 r  clk_wiz_0_clk_wiz/inst/mmcm_adv_inst/CLKOUT0
                         net (fo=1, routed)           1.661    -2.563    clk_wiz_0_clk_wiz/inst/clk_out1_clk_wiz_0
    BUFGCTRL_X0Y16       BUFG (Prop_bufg_I_O)         0.096    -2.467 r  clk_wiz_0_clk_wiz/inst/clkout1_buf/O
                         net (fo=12, routed)          1.567    -0.900    clk_div_inst/CLK
    SLICE_X36Y45         FDRE                                         r  clk_div_inst/cnt_reg[0]/C
  -------------------------------------------------------------------    -------------------
    SLICE_X36Y45         FDRE (Prop_fdre_C_Q)         0.456    -0.444 r  clk_div_inst/cnt_reg[0]/Q
                         net (fo=9, routed)           0.840     0.397    clk_div_inst/cnt[0]
    SLICE_X36Y45         LUT5 (Prop_lut5_I0_O)        0.124     0.521 f  clk_div_inst/cnt[9]_i_3/O
                         net (fo=1, routed)           0.430     0.951    clk_div_inst/cnt[9]_i_3_n_0
    SLICE_X36Y44         LUT6 (Prop_lut6_I5_O)        0.124     1.075 r  clk_div_inst/cnt[9]_i_1/O
                         net (fo=10, routed)          0.375     1.450    clk_div_inst/p_0_in
    SLICE_X36Y45         FDRE                                         r  clk_div_inst/cnt_reg[3]/R
  -------------------------------------------------------------------    -------------------

                         (clock clk_out1_clk_wiz_0_1 rise edge)
                                                     11.765    11.765 r  
    E3                                                0.000    11.765 r  top_sys_clock (IN)
                         net (fo=0)                   0.000    11.765    clk_wiz_0_clk_wiz/inst/clk_in1
    E3                   IBUF (Prop_ibuf_I_O)         1.418    13.183 r  clk_wiz_0_clk_wiz/inst/clkin1_ibufg/O
                         net (fo=1, routed)           1.162    14.345    clk_wiz_0_clk_wiz/inst/clk_in1_clk_wiz_0
    MMCME2_ADV_X1Y1      MMCME2_ADV (Prop_mmcme2_adv_CLKIN1_CLKOUT0)
                                                     -7.204     7.141 r  clk_wiz_0_clk_wiz/inst/mmcm_adv_inst/CLKOUT0
                         net (fo=1, routed)           1.581     8.722    clk_wiz_0_clk_wiz/inst/clk_out1_clk_wiz_0
    BUFGCTRL_X0Y16       BUFG (Prop_bufg_I_O)         0.091     8.813 r  clk_wiz_0_clk_wiz/inst/clkout1_buf/O
                         net (fo=12, routed)          1.448    10.262    clk_div_inst/CLK
    SLICE_X36Y45         FDRE                                         r  clk_div_inst/cnt_reg[3]/C
                         clock pessimism              0.604    10.865    
                         clock uncertainty           -0.113    10.752    
    SLICE_X36Y45         FDRE (Setup_fdre_C_R)       -0.429    10.323    clk_div_inst/cnt_reg[3]
  -------------------------------------------------------------------
                         required time                         10.323    
                         arrival time                          -1.450    
  -------------------------------------------------------------------
                         slack                                  8.873    

Slack (MET) :             8.873ns  (required time - arrival time)
  Source:                 clk_div_inst/cnt_reg[0]/C
                            (rising edge-triggered cell FDRE clocked by clk_out1_clk_wiz_0_1  {rise@0.000ns fall@5.882ns period=11.765ns})
  Destination:            clk_div_inst/cnt_reg[5]/R
                            (rising edge-triggered cell FDRE clocked by clk_out1_clk_wiz_0_1  {rise@0.000ns fall@5.882ns period=11.765ns})
  Path Group:             clk_out1_clk_wiz_0_1
  Path Type:              Setup (Max at Slow Process Corner)
  Requirement:            11.765ns  (clk_out1_clk_wiz_0_1 rise@11.765ns - clk_out1_clk_wiz_0_1 rise@0.000ns)
  Data Path Delay:        2.349ns  (logic 0.704ns (29.965%)  route 1.645ns (70.035%))
  Logic Levels:           2  (LUT5=1 LUT6=1)
  Clock Path Skew:        0.000ns (DCD - SCD + CPR)
    Destination Clock Delay (DCD):    -1.503ns = ( 10.262 - 11.765 ) 
    Source Clock Delay      (SCD):    -0.900ns
    Clock Pessimism Removal (CPR):    0.604ns
  Clock Uncertainty:      0.113ns  ((TSJ^2 + DJ^2)^1/2) / 2 + PE
    Total System Jitter     (TSJ):    0.071ns
    Discrete Jitter          (DJ):    0.215ns
    Phase Error              (PE):    0.000ns

    Location             Delay type                Incr(ns)  Path(ns)    Netlist Resource(s)
  -------------------------------------------------------------------    -------------------
                         (clock clk_out1_clk_wiz_0_1 rise edge)
                                                      0.000     0.000 r  
    E3                                                0.000     0.000 r  top_sys_clock (IN)
                         net (fo=0)                   0.000     0.000    clk_wiz_0_clk_wiz/inst/clk_in1
    E3                   IBUF (Prop_ibuf_I_O)         1.489     1.489 r  clk_wiz_0_clk_wiz/inst/clkin1_ibufg/O
                         net (fo=1, routed)           1.233     2.722    clk_wiz_0_clk_wiz/inst/clk_in1_clk_wiz_0
    MMCME2_ADV_X1Y1      MMCME2_ADV (Prop_mmcme2_adv_CLKIN1_CLKOUT0)
                                                     -6.946    -4.224 r  clk_wiz_0_clk_wiz/inst/mmcm_adv_inst/CLKOUT0
                         net (fo=1, routed)           1.661    -2.563    clk_wiz_0_clk_wiz/inst/clk_out1_clk_wiz_0
    BUFGCTRL_X0Y16       BUFG (Prop_bufg_I_O)         0.096    -2.467 r  clk_wiz_0_clk_wiz/inst/clkout1_buf/O
                         net (fo=12, routed)          1.567    -0.900    clk_div_inst/CLK
    SLICE_X36Y45         FDRE                                         r  clk_div_inst/cnt_reg[0]/C
  -------------------------------------------------------------------    -------------------
    SLICE_X36Y45         FDRE (Prop_fdre_C_Q)         0.456    -0.444 r  clk_div_inst/cnt_reg[0]/Q
                         net (fo=9, routed)           0.840     0.397    clk_div_inst/cnt[0]
    SLICE_X36Y45         LUT5 (Prop_lut5_I0_O)        0.124     0.521 f  clk_div_inst/cnt[9]_i_3/O
                         net (fo=1, routed)           0.430     0.951    clk_div_inst/cnt[9]_i_3_n_0
    SLICE_X36Y44         LUT6 (Prop_lut6_I5_O)        0.124     1.075 r  clk_div_inst/cnt[9]_i_1/O
                         net (fo=10, routed)          0.375     1.450    clk_div_inst/p_0_in
    SLICE_X36Y45         FDRE                                         r  clk_div_inst/cnt_reg[5]/R
  -------------------------------------------------------------------    -------------------

                         (clock clk_out1_clk_wiz_0_1 rise edge)
                                                     11.765    11.765 r  
    E3                                                0.000    11.765 r  top_sys_clock (IN)
                         net (fo=0)                   0.000    11.765    clk_wiz_0_clk_wiz/inst/clk_in1
    E3                   IBUF (Prop_ibuf_I_O)         1.418    13.183 r  clk_wiz_0_clk_wiz/inst/clkin1_ibufg/O
                         net (fo=1, routed)           1.162    14.345    clk_wiz_0_clk_wiz/inst/clk_in1_clk_wiz_0
    MMCME2_ADV_X1Y1      MMCME2_ADV (Prop_mmcme2_adv_CLKIN1_CLKOUT0)
                                                     -7.204     7.141 r  clk_wiz_0_clk_wiz/inst/mmcm_adv_inst/CLKOUT0
                         net (fo=1, routed)           1.581     8.722    clk_wiz_0_clk_wiz/inst/clk_out1_clk_wiz_0
    BUFGCTRL_X0Y16       BUFG (Prop_bufg_I_O)         0.091     8.813 r  clk_wiz_0_clk_wiz/inst/clkout1_buf/O
                         net (fo=12, routed)          1.448    10.262    clk_div_inst/CLK
    SLICE_X36Y45         FDRE                                         r  clk_div_inst/cnt_reg[5]/C
                         clock pessimism              0.604    10.865    
                         clock uncertainty           -0.113    10.752    
    SLICE_X36Y45         FDRE (Setup_fdre_C_R)       -0.429    10.323    clk_div_inst/cnt_reg[5]
  -------------------------------------------------------------------
                         required time                         10.323    
                         arrival time                          -1.450    
  -------------------------------------------------------------------
                         slack                                  8.873    





Min Delay Paths
--------------------------------------------------------------------------------------
Slack (MET) :             0.191ns  (arrival time - required time)
  Source:                 clk_div_inst/cnt_reg[8]/C
                            (rising edge-triggered cell FDRE clocked by clk_out1_clk_wiz_0_1  {rise@0.000ns fall@5.882ns period=11.765ns})
  Destination:            clk_div_inst/clk_buf_reg/D
                            (rising edge-triggered cell FDRE clocked by clk_out1_clk_wiz_0_1  {rise@0.000ns fall@5.882ns period=11.765ns})
  Path Group:             clk_out1_clk_wiz_0_1
  Path Type:              Hold (Min at Fast Process Corner)
  Requirement:            0.000ns  (clk_out1_clk_wiz_0_1 rise@0.000ns - clk_out1_clk_wiz_0_1 rise@0.000ns)
  Data Path Delay:        0.295ns  (logic 0.186ns (63.050%)  route 0.109ns (36.950%))
  Logic Levels:           1  (LUT6=1)
  Clock Path Skew:        0.013ns (DCD - SCD - CPR)
    Destination Clock Delay (DCD):    -0.821ns
    Source Clock Delay      (SCD):    -0.582ns
    Clock Pessimism Removal (CPR):    -0.252ns

    Location             Delay type                Incr(ns)  Path(ns)    Netlist Resource(s)
  -------------------------------------------------------------------    -------------------
                         (clock clk_out1_clk_wiz_0_1 rise edge)
                                                      0.000     0.000 r  
    E3                                                0.000     0.000 r  top_sys_clock (IN)
                         net (fo=0)                   0.000     0.000    clk_wiz_0_clk_wiz/inst/clk_in1
    E3                   IBUF (Prop_ibuf_I_O)         0.257     0.257 r  clk_wiz_0_clk_wiz/inst/clkin1_ibufg/O
                         net (fo=1, routed)           0.440     0.697    clk_wiz_0_clk_wiz/inst/clk_in1_clk_wiz_0
    MMCME2_ADV_X1Y1      MMCME2_ADV (Prop_mmcme2_adv_CLKIN1_CLKOUT0)
                                                     -2.356    -1.659 r  clk_wiz_0_clk_wiz/inst/mmcm_adv_inst/CLKOUT0
                         net (fo=1, routed)           0.486    -1.173    clk_wiz_0_clk_wiz/inst/clk_out1_clk_wiz_0
    BUFGCTRL_X0Y16       BUFG (Prop_bufg_I_O)         0.026    -1.147 r  clk_wiz_0_clk_wiz/inst/clkout1_buf/O
                         net (fo=12, routed)          0.565    -0.582    clk_div_inst/CLK
    SLICE_X37Y44         FDRE                                         r  clk_div_inst/cnt_reg[8]/C
  -------------------------------------------------------------------    -------------------
    SLICE_X37Y44         FDRE (Prop_fdre_C_Q)         0.141    -0.441 r  clk_div_inst/cnt_reg[8]/Q
                         net (fo=4, routed)           0.109    -0.332    clk_div_inst/cnt[8]
    SLICE_X36Y44         LUT6 (Prop_lut6_I3_O)        0.045    -0.287 r  clk_div_inst/clk_buf_i_1/O
                         net (fo=1, routed)           0.000    -0.287    clk_div_inst/clk_buf_i_1_n_0
    SLICE_X36Y44         FDRE                                         r  clk_div_inst/clk_buf_reg/D
  -------------------------------------------------------------------    -------------------

                         (clock clk_out1_clk_wiz_0_1 rise edge)
                                                      0.000     0.000 r  
    E3                                                0.000     0.000 r  top_sys_clock (IN)
                         net (fo=0)                   0.000     0.000    clk_wiz_0_clk_wiz/inst/clk_in1
    E3                   IBUF (Prop_ibuf_I_O)         0.445     0.445 r  clk_wiz_0_clk_wiz/inst/clkin1_ibufg/O
                         net (fo=1, routed)           0.480     0.925    clk_wiz_0_clk_wiz/inst/clk_in1_clk_wiz_0
    MMCME2_ADV_X1Y1      MMCME2_ADV (Prop_mmcme2_adv_CLKIN1_CLKOUT0)
                                                     -3.138    -2.213 r  clk_wiz_0_clk_wiz/inst/mmcm_adv_inst/CLKOUT0
                         net (fo=1, routed)           0.530    -1.684    clk_wiz_0_clk_wiz/inst/clk_out1_clk_wiz_0
    BUFGCTRL_X0Y16       BUFG (Prop_bufg_I_O)         0.029    -1.655 r  clk_wiz_0_clk_wiz/inst/clkout1_buf/O
                         net (fo=12, routed)          0.834    -0.821    clk_div_inst/CLK
    SLICE_X36Y44         FDRE                                         r  clk_div_inst/clk_buf_reg/C
                         clock pessimism              0.252    -0.569    
    SLICE_X36Y44         FDRE (Hold_fdre_C_D)         0.091    -0.478    clk_div_inst/clk_buf_reg
  -------------------------------------------------------------------
                         required time                          0.478    
                         arrival time                          -0.287    
  -------------------------------------------------------------------
                         slack                                  0.191    

Slack (MET) :             0.235ns  (arrival time - required time)
  Source:                 clk_div_inst/cnt_reg[6]/C
                            (rising edge-triggered cell FDRE clocked by clk_out1_clk_wiz_0_1  {rise@0.000ns fall@5.882ns period=11.765ns})
  Destination:            clk_div_inst/cnt_reg[9]/D
                            (rising edge-triggered cell FDRE clocked by clk_out1_clk_wiz_0_1  {rise@0.000ns fall@5.882ns period=11.765ns})
  Path Group:             clk_out1_clk_wiz_0_1
  Path Type:              Hold (Min at Fast Process Corner)
  Requirement:            0.000ns  (clk_out1_clk_wiz_0_1 rise@0.000ns - clk_out1_clk_wiz_0_1 rise@0.000ns)
  Data Path Delay:        0.358ns  (logic 0.189ns (52.839%)  route 0.169ns (47.161%))
  Logic Levels:           1  (LUT5=1)
  Clock Path Skew:        0.016ns (DCD - SCD - CPR)
    Destination Clock Delay (DCD):    -0.821ns
    Source Clock Delay      (SCD):    -0.582ns
    Clock Pessimism Removal (CPR):    -0.255ns

    Location             Delay type                Incr(ns)  Path(ns)    Netlist Resource(s)
  -------------------------------------------------------------------    -------------------
                         (clock clk_out1_clk_wiz_0_1 rise edge)
                                                      0.000     0.000 r  
    E3                                                0.000     0.000 r  top_sys_clock (IN)
                         net (fo=0)                   0.000     0.000    clk_wiz_0_clk_wiz/inst/clk_in1
    E3                   IBUF (Prop_ibuf_I_O)         0.257     0.257 r  clk_wiz_0_clk_wiz/inst/clkin1_ibufg/O
                         net (fo=1, routed)           0.440     0.697    clk_wiz_0_clk_wiz/inst/clk_in1_clk_wiz_0
    MMCME2_ADV_X1Y1      MMCME2_ADV (Prop_mmcme2_adv_CLKIN1_CLKOUT0)
                                                     -2.356    -1.659 r  clk_wiz_0_clk_wiz/inst/mmcm_adv_inst/CLKOUT0
                         net (fo=1, routed)           0.486    -1.173    clk_wiz_0_clk_wiz/inst/clk_out1_clk_wiz_0
    BUFGCTRL_X0Y16       BUFG (Prop_bufg_I_O)         0.026    -1.147 r  clk_wiz_0_clk_wiz/inst/clkout1_buf/O
                         net (fo=12, routed)          0.565    -0.582    clk_div_inst/CLK
    SLICE_X36Y43         FDRE                                         r  clk_div_inst/cnt_reg[6]/C
  -------------------------------------------------------------------    -------------------
    SLICE_X36Y43         FDRE (Prop_fdre_C_Q)         0.141    -0.441 r  clk_div_inst/cnt_reg[6]/Q
                         net (fo=6, routed)           0.169    -0.273    clk_div_inst/cnt[6]
    SLICE_X37Y44         LUT5 (Prop_lut5_I2_O)        0.048    -0.225 r  clk_div_inst/cnt[9]_i_2/O
                         net (fo=1, routed)           0.000    -0.225    clk_div_inst/p_1_in[9]
    SLICE_X37Y44         FDRE                                         r  clk_div_inst/cnt_reg[9]/D
  -------------------------------------------------------------------    -------------------

                         (clock clk_out1_clk_wiz_0_1 rise edge)
                                                      0.000     0.000 r  
    E3                                                0.000     0.000 r  top_sys_clock (IN)
                         net (fo=0)                   0.000     0.000    clk_wiz_0_clk_wiz/inst/clk_in1
    E3                   IBUF (Prop_ibuf_I_O)         0.445     0.445 r  clk_wiz_0_clk_wiz/inst/clkin1_ibufg/O
                         net (fo=1, routed)           0.480     0.925    clk_wiz_0_clk_wiz/inst/clk_in1_clk_wiz_0
    MMCME2_ADV_X1Y1      MMCME2_ADV (Prop_mmcme2_adv_CLKIN1_CLKOUT0)
                                                     -3.138    -2.213 r  clk_wiz_0_clk_wiz/inst/mmcm_adv_inst/CLKOUT0
                         net (fo=1, routed)           0.530    -1.684    clk_wiz_0_clk_wiz/inst/clk_out1_clk_wiz_0
    BUFGCTRL_X0Y16       BUFG (Prop_bufg_I_O)         0.029    -1.655 r  clk_wiz_0_clk_wiz/inst/clkout1_buf/O
                         net (fo=12, routed)          0.834    -0.821    clk_div_inst/CLK
    SLICE_X37Y44         FDRE                                         r  clk_div_inst/cnt_reg[9]/C
                         clock pessimism              0.255    -0.566    
    SLICE_X37Y44         FDRE (Hold_fdre_C_D)         0.107    -0.459    clk_div_inst/cnt_reg[9]
  -------------------------------------------------------------------
                         required time                          0.459    
                         arrival time                          -0.225    
  -------------------------------------------------------------------
                         slack                                  0.235    

Slack (MET) :             0.248ns  (arrival time - required time)
  Source:                 clk_div_inst/cnt_reg[6]/C
                            (rising edge-triggered cell FDRE clocked by clk_out1_clk_wiz_0_1  {rise@0.000ns fall@5.882ns period=11.765ns})
  Destination:            clk_div_inst/cnt_reg[8]/D
                            (rising edge-triggered cell FDRE clocked by clk_out1_clk_wiz_0_1  {rise@0.000ns fall@5.882ns period=11.765ns})
  Path Group:             clk_out1_clk_wiz_0_1
  Path Type:              Hold (Min at Fast Process Corner)
  Requirement:            0.000ns  (clk_out1_clk_wiz_0_1 rise@0.000ns - clk_out1_clk_wiz_0_1 rise@0.000ns)
  Data Path Delay:        0.355ns  (logic 0.186ns (52.440%)  route 0.169ns (47.560%))
  Logic Levels:           1  (LUT4=1)
  Clock Path Skew:        0.016ns (DCD - SCD - CPR)
    Destination Clock Delay (DCD):    -0.821ns
    Source Clock Delay      (SCD):    -0.582ns
    Clock Pessimism Removal (CPR):    -0.255ns

    Location             Delay type                Incr(ns)  Path(ns)    Netlist Resource(s)
  -------------------------------------------------------------------    -------------------
                         (clock clk_out1_clk_wiz_0_1 rise edge)
                                                      0.000     0.000 r  
    E3                                                0.000     0.000 r  top_sys_clock (IN)
                         net (fo=0)                   0.000     0.000    clk_wiz_0_clk_wiz/inst/clk_in1
    E3                   IBUF (Prop_ibuf_I_O)         0.257     0.257 r  clk_wiz_0_clk_wiz/inst/clkin1_ibufg/O
                         net (fo=1, routed)           0.440     0.697    clk_wiz_0_clk_wiz/inst/clk_in1_clk_wiz_0
    MMCME2_ADV_X1Y1      MMCME2_ADV (Prop_mmcme2_adv_CLKIN1_CLKOUT0)
                                                     -2.356    -1.659 r  clk_wiz_0_clk_wiz/inst/mmcm_adv_inst/CLKOUT0
                         net (fo=1, routed)           0.486    -1.173    clk_wiz_0_clk_wiz/inst/clk_out1_clk_wiz_0
    BUFGCTRL_X0Y16       BUFG (Prop_bufg_I_O)         0.026    -1.147 r  clk_wiz_0_clk_wiz/inst/clkout1_buf/O
                         net (fo=12, routed)          0.565    -0.582    clk_div_inst/CLK
    SLICE_X36Y43         FDRE                                         r  clk_div_inst/cnt_reg[6]/C
  -------------------------------------------------------------------    -------------------
    SLICE_X36Y43         FDRE (Prop_fdre_C_Q)         0.141    -0.441 r  clk_div_inst/cnt_reg[6]/Q
                         net (fo=6, routed)           0.169    -0.273    clk_div_inst/cnt[6]
    SLICE_X37Y44         LUT4 (Prop_lut4_I0_O)        0.045    -0.228 r  clk_div_inst/cnt[8]_i_1/O
                         net (fo=1, routed)           0.000    -0.228    clk_div_inst/p_1_in[8]
    SLICE_X37Y44         FDRE                                         r  clk_div_inst/cnt_reg[8]/D
  -------------------------------------------------------------------    -------------------

                         (clock clk_out1_clk_wiz_0_1 rise edge)
                                                      0.000     0.000 r  
    E3                                                0.000     0.000 r  top_sys_clock (IN)
                         net (fo=0)                   0.000     0.000    clk_wiz_0_clk_wiz/inst/clk_in1
    E3                   IBUF (Prop_ibuf_I_O)         0.445     0.445 r  clk_wiz_0_clk_wiz/inst/clkin1_ibufg/O
                         net (fo=1, routed)           0.480     0.925    clk_wiz_0_clk_wiz/inst/clk_in1_clk_wiz_0
    MMCME2_ADV_X1Y1      MMCME2_ADV (Prop_mmcme2_adv_CLKIN1_CLKOUT0)
                                                     -3.138    -2.213 r  clk_wiz_0_clk_wiz/inst/mmcm_adv_inst/CLKOUT0
                         net (fo=1, routed)           0.530    -1.684    clk_wiz_0_clk_wiz/inst/clk_out1_clk_wiz_0
    BUFGCTRL_X0Y16       BUFG (Prop_bufg_I_O)         0.029    -1.655 r  clk_wiz_0_clk_wiz/inst/clkout1_buf/O
                         net (fo=12, routed)          0.834    -0.821    clk_div_inst/CLK
    SLICE_X37Y44         FDRE                                         r  clk_div_inst/cnt_reg[8]/C
                         clock pessimism              0.255    -0.566    
    SLICE_X37Y44         FDRE (Hold_fdre_C_D)         0.091    -0.475    clk_div_inst/cnt_reg[8]
  -------------------------------------------------------------------
                         required time                          0.475    
                         arrival time                          -0.228    
  -------------------------------------------------------------------
                         slack                                  0.248    

Slack (MET) :             0.263ns  (arrival time - required time)
  Source:                 clk_div_inst/cnt_reg[0]/C
                            (rising edge-triggered cell FDRE clocked by clk_out1_clk_wiz_0_1  {rise@0.000ns fall@5.882ns period=11.765ns})
  Destination:            clk_div_inst/cnt_reg[3]/D
                            (rising edge-triggered cell FDRE clocked by clk_out1_clk_wiz_0_1  {rise@0.000ns fall@5.882ns period=11.765ns})
  Path Group:             clk_out1_clk_wiz_0_1
  Path Type:              Hold (Min at Fast Process Corner)
  Requirement:            0.000ns  (clk_out1_clk_wiz_0_1 rise@0.000ns - clk_out1_clk_wiz_0_1 rise@0.000ns)
  Data Path Delay:        0.370ns  (logic 0.184ns (49.737%)  route 0.186ns (50.263%))
  Logic Levels:           1  (LUT4=1)
  Clock Path Skew:        0.000ns (DCD - SCD - CPR)
    Destination Clock Delay (DCD):    -0.821ns
    Source Clock Delay      (SCD):    -0.582ns
    Clock Pessimism Removal (CPR):    -0.239ns

    Location             Delay type                Incr(ns)  Path(ns)    Netlist Resource(s)
  -------------------------------------------------------------------    -------------------
                         (clock clk_out1_clk_wiz_0_1 rise edge)
                                                      0.000     0.000 r  
    E3                                                0.000     0.000 r  top_sys_clock (IN)
                         net (fo=0)                   0.000     0.000    clk_wiz_0_clk_wiz/inst/clk_in1
    E3                   IBUF (Prop_ibuf_I_O)         0.257     0.257 r  clk_wiz_0_clk_wiz/inst/clkin1_ibufg/O
                         net (fo=1, routed)           0.440     0.697    clk_wiz_0_clk_wiz/inst/clk_in1_clk_wiz_0
    MMCME2_ADV_X1Y1      MMCME2_ADV (Prop_mmcme2_adv_CLKIN1_CLKOUT0)
                                                     -2.356    -1.659 r  clk_wiz_0_clk_wiz/inst/mmcm_adv_inst/CLKOUT0
                         net (fo=1, routed)           0.486    -1.173    clk_wiz_0_clk_wiz/inst/clk_out1_clk_wiz_0
    BUFGCTRL_X0Y16       BUFG (Prop_bufg_I_O)         0.026    -1.147 r  clk_wiz_0_clk_wiz/inst/clkout1_buf/O
                         net (fo=12, routed)          0.565    -0.582    clk_div_inst/CLK
    SLICE_X36Y45         FDRE                                         r  clk_div_inst/cnt_reg[0]/C
  -------------------------------------------------------------------    -------------------
    SLICE_X36Y45         FDRE (Prop_fdre_C_Q)         0.141    -0.441 r  clk_div_inst/cnt_reg[0]/Q
                         net (fo=9, routed)           0.186    -0.255    clk_div_inst/cnt[0]
    SLICE_X36Y45         LUT4 (Prop_lut4_I1_O)        0.043    -0.212 r  clk_div_inst/cnt[3]_i_1/O
                         net (fo=1, routed)           0.000    -0.212    clk_div_inst/p_1_in[3]
    SLICE_X36Y45         FDRE                                         r  clk_div_inst/cnt_reg[3]/D
  -------------------------------------------------------------------    -------------------

                         (clock clk_out1_clk_wiz_0_1 rise edge)
                                                      0.000     0.000 r  
    E3                                                0.000     0.000 r  top_sys_clock (IN)
                         net (fo=0)                   0.000     0.000    clk_wiz_0_clk_wiz/inst/clk_in1
    E3                   IBUF (Prop_ibuf_I_O)         0.445     0.445 r  clk_wiz_0_clk_wiz/inst/clkin1_ibufg/O
                         net (fo=1, routed)           0.480     0.925    clk_wiz_0_clk_wiz/inst/clk_in1_clk_wiz_0
    MMCME2_ADV_X1Y1      MMCME2_ADV (Prop_mmcme2_adv_CLKIN1_CLKOUT0)
                                                     -3.138    -2.213 r  clk_wiz_0_clk_wiz/inst/mmcm_adv_inst/CLKOUT0
                         net (fo=1, routed)           0.530    -1.684    clk_wiz_0_clk_wiz/inst/clk_out1_clk_wiz_0
    BUFGCTRL_X0Y16       BUFG (Prop_bufg_I_O)         0.029    -1.655 r  clk_wiz_0_clk_wiz/inst/clkout1_buf/O
                         net (fo=12, routed)          0.834    -0.821    clk_div_inst/CLK
    SLICE_X36Y45         FDRE                                         r  clk_div_inst/cnt_reg[3]/C
                         clock pessimism              0.239    -0.582    
    SLICE_X36Y45         FDRE (Hold_fdre_C_D)         0.107    -0.475    clk_div_inst/cnt_reg[3]
  -------------------------------------------------------------------
                         required time                          0.475    
                         arrival time                          -0.212    
  -------------------------------------------------------------------
                         slack                                  0.263    

Slack (MET) :             0.280ns  (arrival time - required time)
  Source:                 clk_div_inst/cnt_reg[0]/C
                            (rising edge-triggered cell FDRE clocked by clk_out1_clk_wiz_0_1  {rise@0.000ns fall@5.882ns period=11.765ns})
  Destination:            clk_div_inst/cnt_reg[2]/D
                            (rising edge-triggered cell FDRE clocked by clk_out1_clk_wiz_0_1  {rise@0.000ns fall@5.882ns period=11.765ns})
  Path Group:             clk_out1_clk_wiz_0_1
  Path Type:              Hold (Min at Fast Process Corner)
  Requirement:            0.000ns  (clk_out1_clk_wiz_0_1 rise@0.000ns - clk_out1_clk_wiz_0_1 rise@0.000ns)
  Data Path Delay:        0.372ns  (logic 0.186ns (50.007%)  route 0.186ns (49.993%))
  Logic Levels:           1  (LUT3=1)
  Clock Path Skew:        0.000ns (DCD - SCD - CPR)
    Destination Clock Delay (DCD):    -0.821ns
    Source Clock Delay      (SCD):    -0.582ns
    Clock Pessimism Removal (CPR):    -0.239ns

    Location             Delay type                Incr(ns)  Path(ns)    Netlist Resource(s)
  -------------------------------------------------------------------    -------------------
                         (clock clk_out1_clk_wiz_0_1 rise edge)
                                                      0.000     0.000 r  
    E3                                                0.000     0.000 r  top_sys_clock (IN)
                         net (fo=0)                   0.000     0.000    clk_wiz_0_clk_wiz/inst/clk_in1
    E3                   IBUF (Prop_ibuf_I_O)         0.257     0.257 r  clk_wiz_0_clk_wiz/inst/clkin1_ibufg/O
                         net (fo=1, routed)           0.440     0.697    clk_wiz_0_clk_wiz/inst/clk_in1_clk_wiz_0
    MMCME2_ADV_X1Y1      MMCME2_ADV (Prop_mmcme2_adv_CLKIN1_CLKOUT0)
                                                     -2.356    -1.659 r  clk_wiz_0_clk_wiz/inst/mmcm_adv_inst/CLKOUT0
                         net (fo=1, routed)           0.486    -1.173    clk_wiz_0_clk_wiz/inst/clk_out1_clk_wiz_0
    BUFGCTRL_X0Y16       BUFG (Prop_bufg_I_O)         0.026    -1.147 r  clk_wiz_0_clk_wiz/inst/clkout1_buf/O
                         net (fo=12, routed)          0.565    -0.582    clk_div_inst/CLK
    SLICE_X36Y45         FDRE                                         r  clk_div_inst/cnt_reg[0]/C
  -------------------------------------------------------------------    -------------------
    SLICE_X36Y45         FDRE (Prop_fdre_C_Q)         0.141    -0.441 r  clk_div_inst/cnt_reg[0]/Q
                         net (fo=9, routed)           0.186    -0.255    clk_div_inst/cnt[0]
    SLICE_X36Y45         LUT3 (Prop_lut3_I0_O)        0.045    -0.210 r  clk_div_inst/cnt[2]_i_1/O
                         net (fo=1, routed)           0.000    -0.210    clk_div_inst/p_1_in[2]
    SLICE_X36Y45         FDRE                                         r  clk_div_inst/cnt_reg[2]/D
  -------------------------------------------------------------------    -------------------

                         (clock clk_out1_clk_wiz_0_1 rise edge)
                                                      0.000     0.000 r  
    E3                                                0.000     0.000 r  top_sys_clock (IN)
                         net (fo=0)                   0.000     0.000    clk_wiz_0_clk_wiz/inst/clk_in1
    E3                   IBUF (Prop_ibuf_I_O)         0.445     0.445 r  clk_wiz_0_clk_wiz/inst/clkin1_ibufg/O
                         net (fo=1, routed)           0.480     0.925    clk_wiz_0_clk_wiz/inst/clk_in1_clk_wiz_0
    MMCME2_ADV_X1Y1      MMCME2_ADV (Prop_mmcme2_adv_CLKIN1_CLKOUT0)
                                                     -3.138    -2.213 r  clk_wiz_0_clk_wiz/inst/mmcm_adv_inst/CLKOUT0
                         net (fo=1, routed)           0.530    -1.684    clk_wiz_0_clk_wiz/inst/clk_out1_clk_wiz_0
    BUFGCTRL_X0Y16       BUFG (Prop_bufg_I_O)         0.029    -1.655 r  clk_wiz_0_clk_wiz/inst/clkout1_buf/O
                         net (fo=12, routed)          0.834    -0.821    clk_div_inst/CLK
    SLICE_X36Y45         FDRE                                         r  clk_div_inst/cnt_reg[2]/C
                         clock pessimism              0.239    -0.582    
    SLICE_X36Y45         FDRE (Hold_fdre_C_D)         0.092    -0.490    clk_div_inst/cnt_reg[2]
  -------------------------------------------------------------------
                         required time                          0.490    
                         arrival time                          -0.210    
  -------------------------------------------------------------------
                         slack                                  0.280    

Slack (MET) :             0.282ns  (arrival time - required time)
  Source:                 clk_div_inst/cnt_reg[3]/C
                            (rising edge-triggered cell FDRE clocked by clk_out1_clk_wiz_0_1  {rise@0.000ns fall@5.882ns period=11.765ns})
  Destination:            clk_div_inst/cnt_reg[5]/D
                            (rising edge-triggered cell FDRE clocked by clk_out1_clk_wiz_0_1  {rise@0.000ns fall@5.882ns period=11.765ns})
  Path Group:             clk_out1_clk_wiz_0_1
  Path Type:              Hold (Min at Fast Process Corner)
  Requirement:            0.000ns  (clk_out1_clk_wiz_0_1 rise@0.000ns - clk_out1_clk_wiz_0_1 rise@0.000ns)
  Data Path Delay:        0.374ns  (logic 0.226ns (60.419%)  route 0.148ns (39.581%))
  Logic Levels:           1  (LUT6=1)
  Clock Path Skew:        0.000ns (DCD - SCD - CPR)
    Destination Clock Delay (DCD):    -0.821ns
    Source Clock Delay      (SCD):    -0.582ns
    Clock Pessimism Removal (CPR):    -0.239ns

    Location             Delay type                Incr(ns)  Path(ns)    Netlist Resource(s)
  -------------------------------------------------------------------    -------------------
                         (clock clk_out1_clk_wiz_0_1 rise edge)
                                                      0.000     0.000 r  
    E3                                                0.000     0.000 r  top_sys_clock (IN)
                         net (fo=0)                   0.000     0.000    clk_wiz_0_clk_wiz/inst/clk_in1
    E3                   IBUF (Prop_ibuf_I_O)         0.257     0.257 r  clk_wiz_0_clk_wiz/inst/clkin1_ibufg/O
                         net (fo=1, routed)           0.440     0.697    clk_wiz_0_clk_wiz/inst/clk_in1_clk_wiz_0
    MMCME2_ADV_X1Y1      MMCME2_ADV (Prop_mmcme2_adv_CLKIN1_CLKOUT0)
                                                     -2.356    -1.659 r  clk_wiz_0_clk_wiz/inst/mmcm_adv_inst/CLKOUT0
                         net (fo=1, routed)           0.486    -1.173    clk_wiz_0_clk_wiz/inst/clk_out1_clk_wiz_0
    BUFGCTRL_X0Y16       BUFG (Prop_bufg_I_O)         0.026    -1.147 r  clk_wiz_0_clk_wiz/inst/clkout1_buf/O
                         net (fo=12, routed)          0.565    -0.582    clk_div_inst/CLK
    SLICE_X36Y45         FDRE                                         r  clk_div_inst/cnt_reg[3]/C
  -------------------------------------------------------------------    -------------------
    SLICE_X36Y45         FDRE (Prop_fdre_C_Q)         0.128    -0.454 r  clk_div_inst/cnt_reg[3]/Q
                         net (fo=6, routed)           0.148    -0.306    clk_div_inst/cnt[3]
    SLICE_X36Y45         LUT6 (Prop_lut6_I0_O)        0.098    -0.208 r  clk_div_inst/cnt[5]_i_1/O
                         net (fo=1, routed)           0.000    -0.208    clk_div_inst/p_1_in[5]
    SLICE_X36Y45         FDRE                                         r  clk_div_inst/cnt_reg[5]/D
  -------------------------------------------------------------------    -------------------

                         (clock clk_out1_clk_wiz_0_1 rise edge)
                                                      0.000     0.000 r  
    E3                                                0.000     0.000 r  top_sys_clock (IN)
                         net (fo=0)                   0.000     0.000    clk_wiz_0_clk_wiz/inst/clk_in1
    E3                   IBUF (Prop_ibuf_I_O)         0.445     0.445 r  clk_wiz_0_clk_wiz/inst/clkin1_ibufg/O
                         net (fo=1, routed)           0.480     0.925    clk_wiz_0_clk_wiz/inst/clk_in1_clk_wiz_0
    MMCME2_ADV_X1Y1      MMCME2_ADV (Prop_mmcme2_adv_CLKIN1_CLKOUT0)
                                                     -3.138    -2.213 r  clk_wiz_0_clk_wiz/inst/mmcm_adv_inst/CLKOUT0
                         net (fo=1, routed)           0.530    -1.684    clk_wiz_0_clk_wiz/inst/clk_out1_clk_wiz_0
    BUFGCTRL_X0Y16       BUFG (Prop_bufg_I_O)         0.029    -1.655 r  clk_wiz_0_clk_wiz/inst/clkout1_buf/O
                         net (fo=12, routed)          0.834    -0.821    clk_div_inst/CLK
    SLICE_X36Y45         FDRE                                         r  clk_div_inst/cnt_reg[5]/C
                         clock pessimism              0.239    -0.582    
    SLICE_X36Y45         FDRE (Hold_fdre_C_D)         0.092    -0.490    clk_div_inst/cnt_reg[5]
  -------------------------------------------------------------------
                         required time                          0.490    
                         arrival time                          -0.208    
  -------------------------------------------------------------------
                         slack                                  0.282    

Slack (MET) :             0.425ns  (arrival time - required time)
  Source:                 clk_div_inst/cnt_reg[3]/C
                            (rising edge-triggered cell FDRE clocked by clk_out1_clk_wiz_0_1  {rise@0.000ns fall@5.882ns period=11.765ns})
  Destination:            clk_div_inst/cnt_reg[4]/D
                            (rising edge-triggered cell FDRE clocked by clk_out1_clk_wiz_0_1  {rise@0.000ns fall@5.882ns period=11.765ns})
  Path Group:             clk_out1_clk_wiz_0_1
  Path Type:              Hold (Min at Fast Process Corner)
  Requirement:            0.000ns  (clk_out1_clk_wiz_0_1 rise@0.000ns - clk_out1_clk_wiz_0_1 rise@0.000ns)
  Data Path Delay:        0.443ns  (logic 0.232ns (52.408%)  route 0.211ns (47.592%))
  Logic Levels:           1  (LUT5=1)
  Clock Path Skew:        0.013ns (DCD - SCD - CPR)
    Destination Clock Delay (DCD):    -0.821ns
    Source Clock Delay      (SCD):    -0.582ns
    Clock Pessimism Removal (CPR):    -0.252ns

    Location             Delay type                Incr(ns)  Path(ns)    Netlist Resource(s)
  -------------------------------------------------------------------    -------------------
                         (clock clk_out1_clk_wiz_0_1 rise edge)
                                                      0.000     0.000 r  
    E3                                                0.000     0.000 r  top_sys_clock (IN)
                         net (fo=0)                   0.000     0.000    clk_wiz_0_clk_wiz/inst/clk_in1
    E3                   IBUF (Prop_ibuf_I_O)         0.257     0.257 r  clk_wiz_0_clk_wiz/inst/clkin1_ibufg/O
                         net (fo=1, routed)           0.440     0.697    clk_wiz_0_clk_wiz/inst/clk_in1_clk_wiz_0
    MMCME2_ADV_X1Y1      MMCME2_ADV (Prop_mmcme2_adv_CLKIN1_CLKOUT0)
                                                     -2.356    -1.659 r  clk_wiz_0_clk_wiz/inst/mmcm_adv_inst/CLKOUT0
                         net (fo=1, routed)           0.486    -1.173    clk_wiz_0_clk_wiz/inst/clk_out1_clk_wiz_0
    BUFGCTRL_X0Y16       BUFG (Prop_bufg_I_O)         0.026    -1.147 r  clk_wiz_0_clk_wiz/inst/clkout1_buf/O
                         net (fo=12, routed)          0.565    -0.582    clk_div_inst/CLK
    SLICE_X36Y45         FDRE                                         r  clk_div_inst/cnt_reg[3]/C
  -------------------------------------------------------------------    -------------------
    SLICE_X36Y45         FDRE (Prop_fdre_C_Q)         0.128    -0.454 r  clk_div_inst/cnt_reg[3]/Q
                         net (fo=6, routed)           0.152    -0.302    clk_div_inst/cnt[3]
    SLICE_X36Y45         LUT5 (Prop_lut5_I3_O)        0.104    -0.198 r  clk_div_inst/cnt[4]_i_1/O
                         net (fo=1, routed)           0.059    -0.140    clk_div_inst/p_1_in[4]
    SLICE_X37Y45         FDRE                                         r  clk_div_inst/cnt_reg[4]/D
  -------------------------------------------------------------------    -------------------

                         (clock clk_out1_clk_wiz_0_1 rise edge)
                                                      0.000     0.000 r  
    E3                                                0.000     0.000 r  top_sys_clock (IN)
                         net (fo=0)                   0.000     0.000    clk_wiz_0_clk_wiz/inst/clk_in1
    E3                   IBUF (Prop_ibuf_I_O)         0.445     0.445 r  clk_wiz_0_clk_wiz/inst/clkin1_ibufg/O
                         net (fo=1, routed)           0.480     0.925    clk_wiz_0_clk_wiz/inst/clk_in1_clk_wiz_0
    MMCME2_ADV_X1Y1      MMCME2_ADV (Prop_mmcme2_adv_CLKIN1_CLKOUT0)
                                                     -3.138    -2.213 r  clk_wiz_0_clk_wiz/inst/mmcm_adv_inst/CLKOUT0
                         net (fo=1, routed)           0.530    -1.684    clk_wiz_0_clk_wiz/inst/clk_out1_clk_wiz_0
    BUFGCTRL_X0Y16       BUFG (Prop_bufg_I_O)         0.029    -1.655 r  clk_wiz_0_clk_wiz/inst/clkout1_buf/O
                         net (fo=12, routed)          0.834    -0.821    clk_div_inst/CLK
    SLICE_X37Y45         FDRE                                         r  clk_div_inst/cnt_reg[4]/C
                         clock pessimism              0.252    -0.569    
    SLICE_X37Y45         FDRE (Hold_fdre_C_D)         0.005    -0.564    clk_div_inst/cnt_reg[4]
  -------------------------------------------------------------------
                         required time                          0.564    
                         arrival time                          -0.140    
  -------------------------------------------------------------------
                         slack                                  0.425    

Slack (MET) :             0.455ns  (arrival time - required time)
  Source:                 clk_div_inst/cnt_reg[6]/C
                            (rising edge-triggered cell FDRE clocked by clk_out1_clk_wiz_0_1  {rise@0.000ns fall@5.882ns period=11.765ns})
  Destination:            clk_div_inst/cnt_reg[7]/D
                            (rising edge-triggered cell FDRE clocked by clk_out1_clk_wiz_0_1  {rise@0.000ns fall@5.882ns period=11.765ns})
  Path Group:             clk_out1_clk_wiz_0_1
  Path Type:              Hold (Min at Fast Process Corner)
  Requirement:            0.000ns  (clk_out1_clk_wiz_0_1 rise@0.000ns - clk_out1_clk_wiz_0_1 rise@0.000ns)
  Data Path Delay:        0.562ns  (logic 0.185ns (32.895%)  route 0.377ns (67.105%))
  Logic Levels:           1  (LUT3=1)
  Clock Path Skew:        0.000ns (DCD - SCD - CPR)
    Destination Clock Delay (DCD):    -0.821ns
    Source Clock Delay      (SCD):    -0.582ns
    Clock Pessimism Removal (CPR):    -0.239ns

    Location             Delay type                Incr(ns)  Path(ns)    Netlist Resource(s)
  -------------------------------------------------------------------    -------------------
                         (clock clk_out1_clk_wiz_0_1 rise edge)
                                                      0.000     0.000 r  
    E3                                                0.000     0.000 r  top_sys_clock (IN)
                         net (fo=0)                   0.000     0.000    clk_wiz_0_clk_wiz/inst/clk_in1
    E3                   IBUF (Prop_ibuf_I_O)         0.257     0.257 r  clk_wiz_0_clk_wiz/inst/clkin1_ibufg/O
                         net (fo=1, routed)           0.440     0.697    clk_wiz_0_clk_wiz/inst/clk_in1_clk_wiz_0
    MMCME2_ADV_X1Y1      MMCME2_ADV (Prop_mmcme2_adv_CLKIN1_CLKOUT0)
                                                     -2.356    -1.659 r  clk_wiz_0_clk_wiz/inst/mmcm_adv_inst/CLKOUT0
                         net (fo=1, routed)           0.486    -1.173    clk_wiz_0_clk_wiz/inst/clk_out1_clk_wiz_0
    BUFGCTRL_X0Y16       BUFG (Prop_bufg_I_O)         0.026    -1.147 r  clk_wiz_0_clk_wiz/inst/clkout1_buf/O
                         net (fo=12, routed)          0.565    -0.582    clk_div_inst/CLK
    SLICE_X36Y43         FDRE                                         r  clk_div_inst/cnt_reg[6]/C
  -------------------------------------------------------------------    -------------------
    SLICE_X36Y43         FDRE (Prop_fdre_C_Q)         0.141    -0.441 r  clk_div_inst/cnt_reg[6]/Q
                         net (fo=6, routed)           0.377    -0.064    clk_div_inst/cnt[6]
    SLICE_X36Y43         LUT3 (Prop_lut3_I1_O)        0.044    -0.020 r  clk_div_inst/cnt[7]_i_1/O
                         net (fo=1, routed)           0.000    -0.020    clk_div_inst/p_1_in[7]
    SLICE_X36Y43         FDRE                                         r  clk_div_inst/cnt_reg[7]/D
  -------------------------------------------------------------------    -------------------

                         (clock clk_out1_clk_wiz_0_1 rise edge)
                                                      0.000     0.000 r  
    E3                                                0.000     0.000 r  top_sys_clock (IN)
                         net (fo=0)                   0.000     0.000    clk_wiz_0_clk_wiz/inst/clk_in1
    E3                   IBUF (Prop_ibuf_I_O)         0.445     0.445 r  clk_wiz_0_clk_wiz/inst/clkin1_ibufg/O
                         net (fo=1, routed)           0.480     0.925    clk_wiz_0_clk_wiz/inst/clk_in1_clk_wiz_0
    MMCME2_ADV_X1Y1      MMCME2_ADV (Prop_mmcme2_adv_CLKIN1_CLKOUT0)
                                                     -3.138    -2.213 r  clk_wiz_0_clk_wiz/inst/mmcm_adv_inst/CLKOUT0
                         net (fo=1, routed)           0.530    -1.684    clk_wiz_0_clk_wiz/inst/clk_out1_clk_wiz_0
    BUFGCTRL_X0Y16       BUFG (Prop_bufg_I_O)         0.029    -1.655 r  clk_wiz_0_clk_wiz/inst/clkout1_buf/O
                         net (fo=12, routed)          0.834    -0.821    clk_div_inst/CLK
    SLICE_X36Y43         FDRE                                         r  clk_div_inst/cnt_reg[7]/C
                         clock pessimism              0.239    -0.582    
    SLICE_X36Y43         FDRE (Hold_fdre_C_D)         0.107    -0.475    clk_div_inst/cnt_reg[7]
  -------------------------------------------------------------------
                         required time                          0.475    
                         arrival time                          -0.020    
  -------------------------------------------------------------------
                         slack                                  0.455    

Slack (MET) :             0.458ns  (arrival time - required time)
  Source:                 clk_div_inst/cnt_reg[1]/C
                            (rising edge-triggered cell FDRE clocked by clk_out1_clk_wiz_0_1  {rise@0.000ns fall@5.882ns period=11.765ns})
  Destination:            clk_div_inst/cnt_reg[1]/D
                            (rising edge-triggered cell FDRE clocked by clk_out1_clk_wiz_0_1  {rise@0.000ns fall@5.882ns period=11.765ns})
  Path Group:             clk_out1_clk_wiz_0_1
  Path Type:              Hold (Min at Fast Process Corner)
  Requirement:            0.000ns  (clk_out1_clk_wiz_0_1 rise@0.000ns - clk_out1_clk_wiz_0_1 rise@0.000ns)
  Data Path Delay:        0.565ns  (logic 0.226ns (40.023%)  route 0.339ns (59.977%))
  Logic Levels:           1  (LUT2=1)
  Clock Path Skew:        0.000ns (DCD - SCD - CPR)
    Destination Clock Delay (DCD):    -0.821ns
    Source Clock Delay      (SCD):    -0.582ns
    Clock Pessimism Removal (CPR):    -0.239ns

    Location             Delay type                Incr(ns)  Path(ns)    Netlist Resource(s)
  -------------------------------------------------------------------    -------------------
                         (clock clk_out1_clk_wiz_0_1 rise edge)
                                                      0.000     0.000 r  
    E3                                                0.000     0.000 r  top_sys_clock (IN)
                         net (fo=0)                   0.000     0.000    clk_wiz_0_clk_wiz/inst/clk_in1
    E3                   IBUF (Prop_ibuf_I_O)         0.257     0.257 r  clk_wiz_0_clk_wiz/inst/clkin1_ibufg/O
                         net (fo=1, routed)           0.440     0.697    clk_wiz_0_clk_wiz/inst/clk_in1_clk_wiz_0
    MMCME2_ADV_X1Y1      MMCME2_ADV (Prop_mmcme2_adv_CLKIN1_CLKOUT0)
                                                     -2.356    -1.659 r  clk_wiz_0_clk_wiz/inst/mmcm_adv_inst/CLKOUT0
                         net (fo=1, routed)           0.486    -1.173    clk_wiz_0_clk_wiz/inst/clk_out1_clk_wiz_0
    BUFGCTRL_X0Y16       BUFG (Prop_bufg_I_O)         0.026    -1.147 r  clk_wiz_0_clk_wiz/inst/clkout1_buf/O
                         net (fo=12, routed)          0.565    -0.582    clk_div_inst/CLK
    SLICE_X36Y45         FDRE                                         r  clk_div_inst/cnt_reg[1]/C
  -------------------------------------------------------------------    -------------------
    SLICE_X36Y45         FDRE (Prop_fdre_C_Q)         0.128    -0.454 r  clk_div_inst/cnt_reg[1]/Q
                         net (fo=8, routed)           0.339    -0.116    clk_div_inst/cnt[1]
    SLICE_X36Y45         LUT2 (Prop_lut2_I1_O)        0.098    -0.018 r  clk_div_inst/cnt[1]_i_1/O
                         net (fo=1, routed)           0.000    -0.018    clk_div_inst/p_1_in[1]
    SLICE_X36Y45         FDRE                                         r  clk_div_inst/cnt_reg[1]/D
  -------------------------------------------------------------------    -------------------

                         (clock clk_out1_clk_wiz_0_1 rise edge)
                                                      0.000     0.000 r  
    E3                                                0.000     0.000 r  top_sys_clock (IN)
                         net (fo=0)                   0.000     0.000    clk_wiz_0_clk_wiz/inst/clk_in1
    E3                   IBUF (Prop_ibuf_I_O)         0.445     0.445 r  clk_wiz_0_clk_wiz/inst/clkin1_ibufg/O
                         net (fo=1, routed)           0.480     0.925    clk_wiz_0_clk_wiz/inst/clk_in1_clk_wiz_0
    MMCME2_ADV_X1Y1      MMCME2_ADV (Prop_mmcme2_adv_CLKIN1_CLKOUT0)
                                                     -3.138    -2.213 r  clk_wiz_0_clk_wiz/inst/mmcm_adv_inst/CLKOUT0
                         net (fo=1, routed)           0.530    -1.684    clk_wiz_0_clk_wiz/inst/clk_out1_clk_wiz_0
    BUFGCTRL_X0Y16       BUFG (Prop_bufg_I_O)         0.029    -1.655 r  clk_wiz_0_clk_wiz/inst/clkout1_buf/O
                         net (fo=12, routed)          0.834    -0.821    clk_div_inst/CLK
    SLICE_X36Y45         FDRE                                         r  clk_div_inst/cnt_reg[1]/C
                         clock pessimism              0.239    -0.582    
    SLICE_X36Y45         FDRE (Hold_fdre_C_D)         0.107    -0.475    clk_div_inst/cnt_reg[1]
  -------------------------------------------------------------------
                         required time                          0.475    
                         arrival time                          -0.018    
  -------------------------------------------------------------------
                         slack                                  0.458    

Slack (MET) :             0.472ns  (arrival time - required time)
  Source:                 clk_div_inst/cnt_reg[6]/C
                            (rising edge-triggered cell FDRE clocked by clk_out1_clk_wiz_0_1  {rise@0.000ns fall@5.882ns period=11.765ns})
  Destination:            clk_div_inst/cnt_reg[6]/D
                            (rising edge-triggered cell FDRE clocked by clk_out1_clk_wiz_0_1  {rise@0.000ns fall@5.882ns period=11.765ns})
  Path Group:             clk_out1_clk_wiz_0_1
  Path Type:              Hold (Min at Fast Process Corner)
  Requirement:            0.000ns  (clk_out1_clk_wiz_0_1 rise@0.000ns - clk_out1_clk_wiz_0_1 rise@0.000ns)
  Data Path Delay:        0.563ns  (logic 0.186ns (33.014%)  route 0.377ns (66.986%))
  Logic Levels:           1  (LUT2=1)
  Clock Path Skew:        0.000ns (DCD - SCD - CPR)
    Destination Clock Delay (DCD):    -0.821ns
    Source Clock Delay      (SCD):    -0.582ns
    Clock Pessimism Removal (CPR):    -0.239ns

    Location             Delay type                Incr(ns)  Path(ns)    Netlist Resource(s)
  -------------------------------------------------------------------    -------------------
                         (clock clk_out1_clk_wiz_0_1 rise edge)
                                                      0.000     0.000 r  
    E3                                                0.000     0.000 r  top_sys_clock (IN)
                         net (fo=0)                   0.000     0.000    clk_wiz_0_clk_wiz/inst/clk_in1
    E3                   IBUF (Prop_ibuf_I_O)         0.257     0.257 r  clk_wiz_0_clk_wiz/inst/clkin1_ibufg/O
                         net (fo=1, routed)           0.440     0.697    clk_wiz_0_clk_wiz/inst/clk_in1_clk_wiz_0
    MMCME2_ADV_X1Y1      MMCME2_ADV (Prop_mmcme2_adv_CLKIN1_CLKOUT0)
                                                     -2.356    -1.659 r  clk_wiz_0_clk_wiz/inst/mmcm_adv_inst/CLKOUT0
                         net (fo=1, routed)           0.486    -1.173    clk_wiz_0_clk_wiz/inst/clk_out1_clk_wiz_0
    BUFGCTRL_X0Y16       BUFG (Prop_bufg_I_O)         0.026    -1.147 r  clk_wiz_0_clk_wiz/inst/clkout1_buf/O
                         net (fo=12, routed)          0.565    -0.582    clk_div_inst/CLK
    SLICE_X36Y43         FDRE                                         r  clk_div_inst/cnt_reg[6]/C
  -------------------------------------------------------------------    -------------------
    SLICE_X36Y43         FDRE (Prop_fdre_C_Q)         0.141    -0.441 r  clk_div_inst/cnt_reg[6]/Q
                         net (fo=6, routed)           0.377    -0.064    clk_div_inst/cnt[6]
    SLICE_X36Y43         LUT2 (Prop_lut2_I1_O)        0.045    -0.019 r  clk_div_inst/cnt[6]_i_1/O
                         net (fo=1, routed)           0.000    -0.019    clk_div_inst/p_1_in[6]
    SLICE_X36Y43         FDRE                                         r  clk_div_inst/cnt_reg[6]/D
  -------------------------------------------------------------------    -------------------

                         (clock clk_out1_clk_wiz_0_1 rise edge)
                                                      0.000     0.000 r  
    E3                                                0.000     0.000 r  top_sys_clock (IN)
                         net (fo=0)                   0.000     0.000    clk_wiz_0_clk_wiz/inst/clk_in1
    E3                   IBUF (Prop_ibuf_I_O)         0.445     0.445 r  clk_wiz_0_clk_wiz/inst/clkin1_ibufg/O
                         net (fo=1, routed)           0.480     0.925    clk_wiz_0_clk_wiz/inst/clk_in1_clk_wiz_0
    MMCME2_ADV_X1Y1      MMCME2_ADV (Prop_mmcme2_adv_CLKIN1_CLKOUT0)
                                                     -3.138    -2.213 r  clk_wiz_0_clk_wiz/inst/mmcm_adv_inst/CLKOUT0
                         net (fo=1, routed)           0.530    -1.684    clk_wiz_0_clk_wiz/inst/clk_out1_clk_wiz_0
    BUFGCTRL_X0Y16       BUFG (Prop_bufg_I_O)         0.029    -1.655 r  clk_wiz_0_clk_wiz/inst/clkout1_buf/O
                         net (fo=12, routed)          0.834    -0.821    clk_div_inst/CLK
    SLICE_X36Y43         FDRE                                         r  clk_div_inst/cnt_reg[6]/C
                         clock pessimism              0.239    -0.582    
    SLICE_X36Y43         FDRE (Hold_fdre_C_D)         0.091    -0.491    clk_div_inst/cnt_reg[6]
  -------------------------------------------------------------------
                         required time                          0.491    
                         arrival time                          -0.019    
  -------------------------------------------------------------------
                         slack                                  0.472    





Pulse Width Checks
--------------------------------------------------------------------------------------
Clock Name:         clk_out1_clk_wiz_0_1
Waveform(ns):       { 0.000 5.882 }
Period(ns):         11.765
Sources:            { clk_wiz_0_clk_wiz/inst/mmcm_adv_inst/CLKOUT0 }

Check Type        Corner  Lib Pin             Reference Pin  Required(ns)  Actual(ns)  Slack(ns)  Location         Pin
Min Period        n/a     BUFG/I              n/a            2.155         11.765      9.610      BUFGCTRL_X0Y16   clk_wiz_0_clk_wiz/inst/clkout1_buf/I
Min Period        n/a     ODDR/C              n/a            1.474         11.765      10.291     OLOGIC_X0Y4      clk_out_oddr/C
Min Period        n/a     MMCME2_ADV/CLKOUT0  n/a            1.249         11.765      10.516     MMCME2_ADV_X1Y1  clk_wiz_0_clk_wiz/inst/mmcm_adv_inst/CLKOUT0
Min Period        n/a     FDRE/C              n/a            1.000         11.765      10.765     SLICE_X36Y44     clk_div_inst/clk_buf_reg/C
Min Period        n/a     FDRE/C              n/a            1.000         11.765      10.765     SLICE_X36Y45     clk_div_inst/cnt_reg[0]/C
Min Period        n/a     FDRE/C              n/a            1.000         11.765      10.765     SLICE_X36Y45     clk_div_inst/cnt_reg[1]/C
Min Period        n/a     FDRE/C              n/a            1.000         11.765      10.765     SLICE_X36Y45     clk_div_inst/cnt_reg[2]/C
Min Period        n/a     FDRE/C              n/a            1.000         11.765      10.765     SLICE_X36Y45     clk_div_inst/cnt_reg[3]/C
Min Period        n/a     FDRE/C              n/a            1.000         11.765      10.765     SLICE_X37Y45     clk_div_inst/cnt_reg[4]/C
Min Period        n/a     FDRE/C              n/a            1.000         11.765      10.765     SLICE_X36Y45     clk_div_inst/cnt_reg[5]/C
Max Period        n/a     MMCME2_ADV/CLKOUT0  n/a            213.360       11.765      201.595    MMCME2_ADV_X1Y1  clk_wiz_0_clk_wiz/inst/mmcm_adv_inst/CLKOUT0
Low Pulse Width   Slow    FDRE/C              n/a            0.500         5.882       5.382      SLICE_X36Y44     clk_div_inst/clk_buf_reg/C
Low Pulse Width   Fast    FDRE/C              n/a            0.500         5.882       5.382      SLICE_X36Y44     clk_div_inst/clk_buf_reg/C
Low Pulse Width   Slow    FDRE/C              n/a            0.500         5.882       5.382      SLICE_X36Y45     clk_div_inst/cnt_reg[0]/C
Low Pulse Width   Fast    FDRE/C              n/a            0.500         5.882       5.382      SLICE_X36Y45     clk_div_inst/cnt_reg[0]/C
Low Pulse Width   Slow    FDRE/C              n/a            0.500         5.882       5.382      SLICE_X36Y45     clk_div_inst/cnt_reg[1]/C
Low Pulse Width   Fast    FDRE/C              n/a            0.500         5.882       5.382      SLICE_X36Y45     clk_div_inst/cnt_reg[1]/C
Low Pulse Width   Slow    FDRE/C              n/a            0.500         5.882       5.382      SLICE_X36Y45     clk_div_inst/cnt_reg[2]/C
Low Pulse Width   Fast    FDRE/C              n/a            0.500         5.882       5.382      SLICE_X36Y45     clk_div_inst/cnt_reg[2]/C
Low Pulse Width   Slow    FDRE/C              n/a            0.500         5.882       5.382      SLICE_X36Y45     clk_div_inst/cnt_reg[3]/C
Low Pulse Width   Fast    FDRE/C              n/a            0.500         5.882       5.382      SLICE_X36Y45     clk_div_inst/cnt_reg[3]/C
High Pulse Width  Slow    FDRE/C              n/a            0.500         5.882       5.382      SLICE_X36Y44     clk_div_inst/clk_buf_reg/C
High Pulse Width  Fast    FDRE/C              n/a            0.500         5.882       5.382      SLICE_X36Y44     clk_div_inst/clk_buf_reg/C
High Pulse Width  Slow    FDRE/C              n/a            0.500         5.882       5.382      SLICE_X36Y45     clk_div_inst/cnt_reg[0]/C
High Pulse Width  Fast    FDRE/C              n/a            0.500         5.882       5.382      SLICE_X36Y45     clk_div_inst/cnt_reg[0]/C
High Pulse Width  Slow    FDRE/C              n/a            0.500         5.882       5.382      SLICE_X36Y45     clk_div_inst/cnt_reg[1]/C
High Pulse Width  Fast    FDRE/C              n/a            0.500         5.882       5.382      SLICE_X36Y45     clk_div_inst/cnt_reg[1]/C
High Pulse Width  Slow    FDRE/C              n/a            0.500         5.882       5.382      SLICE_X36Y45     clk_div_inst/cnt_reg[2]/C
High Pulse Width  Fast    FDRE/C              n/a            0.500         5.882       5.382      SLICE_X36Y45     clk_div_inst/cnt_reg[2]/C
High Pulse Width  Slow    FDRE/C              n/a            0.500         5.882       5.382      SLICE_X36Y45     clk_div_inst/cnt_reg[3]/C
High Pulse Width  Fast    FDRE/C              n/a            0.500         5.882       5.382      SLICE_X36Y45     clk_div_inst/cnt_reg[3]/C



---------------------------------------------------------------------------------------------------
From Clock:  clkfbout_clk_wiz_0_1
  To Clock:  clkfbout_clk_wiz_0_1

Setup :           NA  Failing Endpoints,  Worst Slack           NA  ,  Total Violation           NA
Hold  :           NA  Failing Endpoints,  Worst Slack           NA  ,  Total Violation           NA
PW    :            0  Failing Endpoints,  Worst Slack       37.845ns,  Total Violation        0.000ns
---------------------------------------------------------------------------------------------------


Pulse Width Checks
--------------------------------------------------------------------------------------
Clock Name:         clkfbout_clk_wiz_0_1
Waveform(ns):       { 0.000 20.000 }
Period(ns):         40.000
Sources:            { clk_wiz_0_clk_wiz/inst/mmcm_adv_inst/CLKFBOUT }

Check Type  Corner  Lib Pin              Reference Pin  Required(ns)  Actual(ns)  Slack(ns)  Location         Pin
Min Period  n/a     BUFG/I               n/a            2.155         40.000      37.845     BUFGCTRL_X0Y17   clk_wiz_0_clk_wiz/inst/clkf_buf/I
Min Period  n/a     MMCME2_ADV/CLKFBOUT  n/a            1.249         40.000      38.751     MMCME2_ADV_X1Y1  clk_wiz_0_clk_wiz/inst/mmcm_adv_inst/CLKFBOUT
Min Period  n/a     MMCME2_ADV/CLKFBIN   n/a            1.249         40.000      38.751     MMCME2_ADV_X1Y1  clk_wiz_0_clk_wiz/inst/mmcm_adv_inst/CLKFBIN
Max Period  n/a     MMCME2_ADV/CLKFBIN   n/a            100.000       40.000      60.000     MMCME2_ADV_X1Y1  clk_wiz_0_clk_wiz/inst/mmcm_adv_inst/CLKFBIN
Max Period  n/a     MMCME2_ADV/CLKFBOUT  n/a            213.360       40.000      173.360    MMCME2_ADV_X1Y1  clk_wiz_0_clk_wiz/inst/mmcm_adv_inst/CLKFBOUT



--------------------------------------------------------------------------------------
Path Group:  (none)
From Clock:  
  To Clock:  

Max Delay          2745 Endpoints
Min Delay          2745 Endpoints
--------------------------------------------------------------------------------------


Max Delay Paths
--------------------------------------------------------------------------------------
Slack:                    inf
  Source:                 serial_tl_bits_in_ready
                            (input port)
  Destination:            SerRam/serdesser/outSer/data_reg[40]/D
  Path Group:             (none)
  Path Type:              Max at Slow Process Corner
  Data Path Delay:        12.726ns  (logic 1.852ns (14.552%)  route 10.874ns (85.448%))
  Logic Levels:           4  (IBUF=1 LUT2=1 LUT5=1 LUT6=1)

    Location             Delay type                Incr(ns)  Path(ns)    Netlist Resource(s)
  -------------------------------------------------------------------    -------------------
    U14                                               0.000     0.000 f  serial_tl_bits_in_ready (IN)
                         net (fo=0)                   0.000     0.000    serial_tl_bits_in_ready
    U14                  IBUF (Prop_ibuf_I_O)         1.480     1.480 f  serial_tl_bits_in_ready_IBUF_inst/O
                         net (fo=1, routed)           1.629     3.109    SerRam/serdesser/outSer/serial_tl_bits_in_ready_IBUF
    SLICE_X2Y36          LUT2 (Prop_lut2_I1_O)        0.124     3.233 f  SerRam/serdesser/outSer/sendCount[4]_i_2/O
                         net (fo=127, routed)         4.888     8.120    SerRam/serdesser/outArb/_T_2
    SLICE_X12Y56         LUT5 (Prop_lut5_I4_O)        0.124     8.244 r  SerRam/serdesser/outArb/data[161]_i_2/O
                         net (fo=78, routed)          4.358    12.602    SerRam/serdesser/outArb/D[68]
    SLICE_X14Y42         LUT6 (Prop_lut6_I0_O)        0.124    12.726 r  SerRam/serdesser/outArb/data[40]_i_1/O
                         net (fo=1, routed)           0.000    12.726    SerRam/serdesser/outSer/D[29]
    SLICE_X14Y42         FDRE                                         r  SerRam/serdesser/outSer/data_reg[40]/D
  -------------------------------------------------------------------    -------------------

Slack:                    inf
  Source:                 serial_tl_bits_in_ready
                            (input port)
  Destination:            SerRam/serdesser/outSer/data_reg[36]/D
  Path Group:             (none)
  Path Type:              Max at Slow Process Corner
  Data Path Delay:        12.717ns  (logic 1.852ns (14.562%)  route 10.865ns (85.438%))
  Logic Levels:           4  (IBUF=1 LUT2=1 LUT5=1 LUT6=1)

    Location             Delay type                Incr(ns)  Path(ns)    Netlist Resource(s)
  -------------------------------------------------------------------    -------------------
    U14                                               0.000     0.000 f  serial_tl_bits_in_ready (IN)
                         net (fo=0)                   0.000     0.000    serial_tl_bits_in_ready
    U14                  IBUF (Prop_ibuf_I_O)         1.480     1.480 f  serial_tl_bits_in_ready_IBUF_inst/O
                         net (fo=1, routed)           1.629     3.109    SerRam/serdesser/outSer/serial_tl_bits_in_ready_IBUF
    SLICE_X2Y36          LUT2 (Prop_lut2_I1_O)        0.124     3.233 f  SerRam/serdesser/outSer/sendCount[4]_i_2/O
                         net (fo=127, routed)         4.888     8.120    SerRam/serdesser/outArb/_T_2
    SLICE_X12Y56         LUT5 (Prop_lut5_I4_O)        0.124     8.244 r  SerRam/serdesser/outArb/data[161]_i_2/O
                         net (fo=78, routed)          4.349    12.593    SerRam/serdesser/outArb/D[68]
    SLICE_X14Y42         LUT6 (Prop_lut6_I0_O)        0.124    12.717 r  SerRam/serdesser/outArb/data[36]_i_1/O
                         net (fo=1, routed)           0.000    12.717    SerRam/serdesser/outSer/D[25]
    SLICE_X14Y42         FDRE                                         r  SerRam/serdesser/outSer/data_reg[36]/D
  -------------------------------------------------------------------    -------------------

Slack:                    inf
  Source:                 serial_tl_bits_in_ready
                            (input port)
  Destination:            SerRam/serdesser/outSer/data_reg[25]/D
  Path Group:             (none)
  Path Type:              Max at Slow Process Corner
  Data Path Delay:        12.690ns  (logic 1.852ns (14.594%)  route 10.838ns (85.406%))
  Logic Levels:           4  (IBUF=1 LUT2=1 LUT5=1 LUT6=1)

    Location             Delay type                Incr(ns)  Path(ns)    Netlist Resource(s)
  -------------------------------------------------------------------    -------------------
    U14                                               0.000     0.000 f  serial_tl_bits_in_ready (IN)
                         net (fo=0)                   0.000     0.000    serial_tl_bits_in_ready
    U14                  IBUF (Prop_ibuf_I_O)         1.480     1.480 f  serial_tl_bits_in_ready_IBUF_inst/O
                         net (fo=1, routed)           1.629     3.109    SerRam/serdesser/outSer/serial_tl_bits_in_ready_IBUF
    SLICE_X2Y36          LUT2 (Prop_lut2_I1_O)        0.124     3.233 f  SerRam/serdesser/outSer/sendCount[4]_i_2/O
                         net (fo=127, routed)         4.888     8.120    SerRam/serdesser/outArb/_T_2
    SLICE_X12Y56         LUT5 (Prop_lut5_I4_O)        0.124     8.244 r  SerRam/serdesser/outArb/data[161]_i_2/O
                         net (fo=78, routed)          4.321    12.566    SerRam/serdesser/outArb/D[68]
    SLICE_X12Y47         LUT6 (Prop_lut6_I0_O)        0.124    12.690 r  SerRam/serdesser/outArb/data[25]_i_1/O
                         net (fo=1, routed)           0.000    12.690    SerRam/serdesser/outSer/D[14]
    SLICE_X12Y47         FDRE                                         r  SerRam/serdesser/outSer/data_reg[25]/D
  -------------------------------------------------------------------    -------------------

Slack:                    inf
  Source:                 serial_tl_bits_in_ready
                            (input port)
  Destination:            SerRam/serdesser/outSer/data_reg[28]/D
  Path Group:             (none)
  Path Type:              Max at Slow Process Corner
  Data Path Delay:        12.666ns  (logic 1.852ns (14.622%)  route 10.814ns (85.378%))
  Logic Levels:           4  (IBUF=1 LUT2=1 LUT5=1 LUT6=1)

    Location             Delay type                Incr(ns)  Path(ns)    Netlist Resource(s)
  -------------------------------------------------------------------    -------------------
    U14                                               0.000     0.000 f  serial_tl_bits_in_ready (IN)
                         net (fo=0)                   0.000     0.000    serial_tl_bits_in_ready
    U14                  IBUF (Prop_ibuf_I_O)         1.480     1.480 f  serial_tl_bits_in_ready_IBUF_inst/O
                         net (fo=1, routed)           1.629     3.109    SerRam/serdesser/outSer/serial_tl_bits_in_ready_IBUF
    SLICE_X2Y36          LUT2 (Prop_lut2_I1_O)        0.124     3.233 f  SerRam/serdesser/outSer/sendCount[4]_i_2/O
                         net (fo=127, routed)         4.888     8.120    SerRam/serdesser/outArb/_T_2
    SLICE_X12Y56         LUT5 (Prop_lut5_I4_O)        0.124     8.244 r  SerRam/serdesser/outArb/data[161]_i_2/O
                         net (fo=78, routed)          4.297    12.542    SerRam/serdesser/outArb/D[68]
    SLICE_X14Y42         LUT6 (Prop_lut6_I0_O)        0.124    12.666 r  SerRam/serdesser/outArb/data[28]_i_1/O
                         net (fo=1, routed)           0.000    12.666    SerRam/serdesser/outSer/D[17]
    SLICE_X14Y42         FDRE                                         r  SerRam/serdesser/outSer/data_reg[28]/D
  -------------------------------------------------------------------    -------------------

Slack:                    inf
  Source:                 serial_tl_bits_in_ready
                            (input port)
  Destination:            SerRam/serdesser/outSer/data_reg[16]/D
  Path Group:             (none)
  Path Type:              Max at Slow Process Corner
  Data Path Delay:        12.512ns  (logic 1.852ns (14.802%)  route 10.660ns (85.198%))
  Logic Levels:           4  (IBUF=1 LUT2=1 LUT5=1 LUT6=1)

    Location             Delay type                Incr(ns)  Path(ns)    Netlist Resource(s)
  -------------------------------------------------------------------    -------------------
    U14                                               0.000     0.000 f  serial_tl_bits_in_ready (IN)
                         net (fo=0)                   0.000     0.000    serial_tl_bits_in_ready
    U14                  IBUF (Prop_ibuf_I_O)         1.480     1.480 f  serial_tl_bits_in_ready_IBUF_inst/O
                         net (fo=1, routed)           1.629     3.109    SerRam/serdesser/outSer/serial_tl_bits_in_ready_IBUF
    SLICE_X2Y36          LUT2 (Prop_lut2_I1_O)        0.124     3.233 f  SerRam/serdesser/outSer/sendCount[4]_i_2/O
                         net (fo=127, routed)         4.888     8.120    SerRam/serdesser/outArb/_T_2
    SLICE_X12Y56         LUT5 (Prop_lut5_I4_O)        0.124     8.244 r  SerRam/serdesser/outArb/data[161]_i_2/O
                         net (fo=78, routed)          4.143    12.388    SerRam/serdesser/outArb/D[68]
    SLICE_X13Y45         LUT6 (Prop_lut6_I0_O)        0.124    12.512 r  SerRam/serdesser/outArb/data[16]_i_1/O
                         net (fo=1, routed)           0.000    12.512    SerRam/serdesser/outSer/D[5]
    SLICE_X13Y45         FDRE                                         r  SerRam/serdesser/outSer/data_reg[16]/D
  -------------------------------------------------------------------    -------------------

Slack:                    inf
  Source:                 serial_tl_bits_in_ready
                            (input port)
  Destination:            SerRam/serdesser/outSer/data_reg[32]/D
  Path Group:             (none)
  Path Type:              Max at Slow Process Corner
  Data Path Delay:        12.474ns  (logic 1.852ns (14.847%)  route 10.622ns (85.153%))
  Logic Levels:           4  (IBUF=1 LUT2=1 LUT5=1 LUT6=1)

    Location             Delay type                Incr(ns)  Path(ns)    Netlist Resource(s)
  -------------------------------------------------------------------    -------------------
    U14                                               0.000     0.000 f  serial_tl_bits_in_ready (IN)
                         net (fo=0)                   0.000     0.000    serial_tl_bits_in_ready
    U14                  IBUF (Prop_ibuf_I_O)         1.480     1.480 f  serial_tl_bits_in_ready_IBUF_inst/O
                         net (fo=1, routed)           1.629     3.109    SerRam/serdesser/outSer/serial_tl_bits_in_ready_IBUF
    SLICE_X2Y36          LUT2 (Prop_lut2_I1_O)        0.124     3.233 f  SerRam/serdesser/outSer/sendCount[4]_i_2/O
                         net (fo=127, routed)         4.888     8.120    SerRam/serdesser/outArb/_T_2
    SLICE_X12Y56         LUT5 (Prop_lut5_I4_O)        0.124     8.244 r  SerRam/serdesser/outArb/data[161]_i_2/O
                         net (fo=78, routed)          4.105    12.350    SerRam/serdesser/outArb/D[68]
    SLICE_X14Y42         LUT6 (Prop_lut6_I0_O)        0.124    12.474 r  SerRam/serdesser/outArb/data[32]_i_1/O
                         net (fo=1, routed)           0.000    12.474    SerRam/serdesser/outSer/D[21]
    SLICE_X14Y42         FDRE                                         r  SerRam/serdesser/outSer/data_reg[32]/D
  -------------------------------------------------------------------    -------------------

Slack:                    inf
  Source:                 serial_tl_bits_in_ready
                            (input port)
  Destination:            SerRam/serdesser/outSer/data_reg[26]/D
  Path Group:             (none)
  Path Type:              Max at Slow Process Corner
  Data Path Delay:        12.455ns  (logic 1.852ns (14.869%)  route 10.603ns (85.131%))
  Logic Levels:           4  (IBUF=1 LUT2=1 LUT5=1 LUT6=1)

    Location             Delay type                Incr(ns)  Path(ns)    Netlist Resource(s)
  -------------------------------------------------------------------    -------------------
    U14                                               0.000     0.000 f  serial_tl_bits_in_ready (IN)
                         net (fo=0)                   0.000     0.000    serial_tl_bits_in_ready
    U14                  IBUF (Prop_ibuf_I_O)         1.480     1.480 f  serial_tl_bits_in_ready_IBUF_inst/O
                         net (fo=1, routed)           1.629     3.109    SerRam/serdesser/outSer/serial_tl_bits_in_ready_IBUF
    SLICE_X2Y36          LUT2 (Prop_lut2_I1_O)        0.124     3.233 f  SerRam/serdesser/outSer/sendCount[4]_i_2/O
                         net (fo=127, routed)         4.888     8.120    SerRam/serdesser/outArb/_T_2
    SLICE_X12Y56         LUT5 (Prop_lut5_I4_O)        0.124     8.244 r  SerRam/serdesser/outArb/data[161]_i_2/O
                         net (fo=78, routed)          4.086    12.331    SerRam/serdesser/outArb/D[68]
    SLICE_X12Y47         LUT6 (Prop_lut6_I0_O)        0.124    12.455 r  SerRam/serdesser/outArb/data[26]_i_1/O
                         net (fo=1, routed)           0.000    12.455    SerRam/serdesser/outSer/D[15]
    SLICE_X12Y47         FDRE                                         r  SerRam/serdesser/outSer/data_reg[26]/D
  -------------------------------------------------------------------    -------------------

Slack:                    inf
  Source:                 serial_tl_bits_in_ready
                            (input port)
  Destination:            SerRam/serdesser/outSer/data_reg[33]/D
  Path Group:             (none)
  Path Type:              Max at Slow Process Corner
  Data Path Delay:        12.423ns  (logic 1.852ns (14.908%)  route 10.571ns (85.092%))
  Logic Levels:           4  (IBUF=1 LUT2=1 LUT5=1 LUT6=1)

    Location             Delay type                Incr(ns)  Path(ns)    Netlist Resource(s)
  -------------------------------------------------------------------    -------------------
    U14                                               0.000     0.000 f  serial_tl_bits_in_ready (IN)
                         net (fo=0)                   0.000     0.000    serial_tl_bits_in_ready
    U14                  IBUF (Prop_ibuf_I_O)         1.480     1.480 f  serial_tl_bits_in_ready_IBUF_inst/O
                         net (fo=1, routed)           1.629     3.109    SerRam/serdesser/outSer/serial_tl_bits_in_ready_IBUF
    SLICE_X2Y36          LUT2 (Prop_lut2_I1_O)        0.124     3.233 f  SerRam/serdesser/outSer/sendCount[4]_i_2/O
                         net (fo=127, routed)         4.888     8.120    SerRam/serdesser/outArb/_T_2
    SLICE_X12Y56         LUT5 (Prop_lut5_I4_O)        0.124     8.244 r  SerRam/serdesser/outArb/data[161]_i_2/O
                         net (fo=78, routed)          4.054    12.299    SerRam/serdesser/outArb/D[68]
    SLICE_X12Y41         LUT6 (Prop_lut6_I0_O)        0.124    12.423 r  SerRam/serdesser/outArb/data[33]_i_1/O
                         net (fo=1, routed)           0.000    12.423    SerRam/serdesser/outSer/D[22]
    SLICE_X12Y41         FDRE                                         r  SerRam/serdesser/outSer/data_reg[33]/D
  -------------------------------------------------------------------    -------------------

Slack:                    inf
  Source:                 serial_tl_bits_in_ready
                            (input port)
  Destination:            SerRam/serdesser/outSer/data_reg[38]/D
  Path Group:             (none)
  Path Type:              Max at Slow Process Corner
  Data Path Delay:        12.391ns  (logic 1.852ns (14.946%)  route 10.539ns (85.054%))
  Logic Levels:           4  (IBUF=1 LUT2=1 LUT5=1 LUT6=1)

    Location             Delay type                Incr(ns)  Path(ns)    Netlist Resource(s)
  -------------------------------------------------------------------    -------------------
    U14                                               0.000     0.000 f  serial_tl_bits_in_ready (IN)
                         net (fo=0)                   0.000     0.000    serial_tl_bits_in_ready
    U14                  IBUF (Prop_ibuf_I_O)         1.480     1.480 f  serial_tl_bits_in_ready_IBUF_inst/O
                         net (fo=1, routed)           1.629     3.109    SerRam/serdesser/outSer/serial_tl_bits_in_ready_IBUF
    SLICE_X2Y36          LUT2 (Prop_lut2_I1_O)        0.124     3.233 f  SerRam/serdesser/outSer/sendCount[4]_i_2/O
                         net (fo=127, routed)         4.888     8.120    SerRam/serdesser/outArb/_T_2
    SLICE_X12Y56         LUT5 (Prop_lut5_I4_O)        0.124     8.244 r  SerRam/serdesser/outArb/data[161]_i_2/O
                         net (fo=78, routed)          4.023    12.267    SerRam/serdesser/outArb/D[68]
    SLICE_X13Y42         LUT6 (Prop_lut6_I0_O)        0.124    12.391 r  SerRam/serdesser/outArb/data[38]_i_1/O
                         net (fo=1, routed)           0.000    12.391    SerRam/serdesser/outSer/D[27]
    SLICE_X13Y42         FDRE                                         r  SerRam/serdesser/outSer/data_reg[38]/D
  -------------------------------------------------------------------    -------------------

Slack:                    inf
  Source:                 top_reset
                            (input port)
  Destination:            top_reset_to_asic
                            (output port)
  Path Group:             (none)
  Path Type:              Max at Slow Process Corner
  Data Path Delay:        12.226ns  (logic 5.423ns (44.360%)  route 6.802ns (55.640%))
  Logic Levels:           3  (IBUF=1 LUT2=1 OBUF=1)

    Location             Delay type                Incr(ns)  Path(ns)    Netlist Resource(s)
  -------------------------------------------------------------------    -------------------
    C2                                                0.000     0.000 r  top_reset (IN)
                         net (fo=0)                   0.000     0.000    top_reset
    C2                   IBUF (Prop_ibuf_I_O)         1.514     1.514 r  top_reset_IBUF_inst/O
                         net (fo=8, routed)           3.282     4.795    SerRam/tsi2tl/top_reset_IBUF
    SLICE_X15Y53         LUT2 (Prop_lut2_I1_O)        0.152     4.947 r  SerRam/tsi2tl/top_reset_to_asic_OBUF_inst_i_1/O
                         net (fo=3, routed)           3.521     8.468    top_reset_to_asic_OBUF
    E2                   OBUF (Prop_obuf_I_O)         3.758    12.226 r  top_reset_to_asic_OBUF_inst/O
                         net (fo=0)                   0.000    12.226    top_reset_to_asic
    E2                                                                r  top_reset_to_asic (OUT)
  -------------------------------------------------------------------    -------------------





Min Delay Paths
--------------------------------------------------------------------------------------
Slack:                    inf
  Source:                 SerRam/serdesser/inDes/data_1_reg[6]/C
                            (rising edge-triggered cell FDRE)
  Destination:            SerRam/buffer_1/bundleIn_0_d_q/ram_ext/Memory_reg_0_1_12_17/RAMC/I
  Path Group:             (none)
  Path Type:              Min at Fast Process Corner
  Data Path Delay:        0.203ns  (logic 0.128ns (63.089%)  route 0.075ns (36.911%))
  Logic Levels:           1  (FDRE=1)

    Location             Delay type                Incr(ns)  Path(ns)    Netlist Resource(s)
  -------------------------------------------------------------------    -------------------
    SLICE_X9Y40          FDRE                         0.000     0.000 r  SerRam/serdesser/inDes/data_1_reg[6]/C
    SLICE_X9Y40          FDRE (Prop_fdre_C_Q)         0.128     0.128 r  SerRam/serdesser/inDes/data_1_reg[6]/Q
                         net (fo=2, routed)           0.075     0.203    SerRam/buffer_1/bundleIn_0_d_q/ram_ext/Memory_reg_0_1_12_17/DIC0
    SLICE_X8Y40          RAMD32                                       r  SerRam/buffer_1/bundleIn_0_d_q/ram_ext/Memory_reg_0_1_12_17/RAMC/I
  -------------------------------------------------------------------    -------------------

Slack:                    inf
  Source:                 SerRam/serdesser/inDes/data_9_reg[0]/C
                            (rising edge-triggered cell FDRE)
  Destination:            SerRam/buffer/x1_a_q/ram_ext/Memory_reg_0_1_120_122/RAMA/I
  Path Group:             (none)
  Path Type:              Min at Fast Process Corner
  Data Path Delay:        0.209ns  (logic 0.141ns (67.433%)  route 0.068ns (32.567%))
  Logic Levels:           1  (FDRE=1)

    Location             Delay type                Incr(ns)  Path(ns)    Netlist Resource(s)
  -------------------------------------------------------------------    -------------------
    SLICE_X11Y49         FDRE                         0.000     0.000 r  SerRam/serdesser/inDes/data_9_reg[0]/C
    SLICE_X11Y49         FDRE (Prop_fdre_C_Q)         0.141     0.141 r  SerRam/serdesser/inDes/data_9_reg[0]/Q
                         net (fo=2, routed)           0.068     0.209    SerRam/buffer/x1_a_q/ram_ext/Memory_reg_0_1_120_122/DIA0
    SLICE_X10Y49         RAMD32                                       r  SerRam/buffer/x1_a_q/ram_ext/Memory_reg_0_1_120_122/RAMA/I
  -------------------------------------------------------------------    -------------------

Slack:                    inf
  Source:                 SerRam/serdesser/outSer/data_reg[161]/C
                            (rising edge-triggered cell FDRE)
  Destination:            SerRam/serdesser/outSer/data_reg[153]/D
  Path Group:             (none)
  Path Type:              Min at Fast Process Corner
  Data Path Delay:        0.244ns  (logic 0.128ns (52.542%)  route 0.116ns (47.458%))
  Logic Levels:           1  (FDRE=1)

    Location             Delay type                Incr(ns)  Path(ns)    Netlist Resource(s)
  -------------------------------------------------------------------    -------------------
    SLICE_X9Y53          FDRE                         0.000     0.000 r  SerRam/serdesser/outSer/data_reg[161]/C
    SLICE_X9Y53          FDRE (Prop_fdre_C_Q)         0.128     0.128 r  SerRam/serdesser/outSer/data_reg[161]/Q
                         net (fo=1, routed)           0.116     0.244    SerRam/serdesser/outSer/data[161]
    SLICE_X9Y54          FDRE                                         r  SerRam/serdesser/outSer/data_reg[153]/D
  -------------------------------------------------------------------    -------------------

Slack:                    inf
  Source:                 SerRam/serdesser/inDes/data_3_reg[5]/C
                            (rising edge-triggered cell FDRE)
  Destination:            SerRam/buffer/x1_a_q/ram_ext/Memory_reg_0_1_72_77/RAMC_D1/I
  Path Group:             (none)
  Path Type:              Min at Fast Process Corner
  Data Path Delay:        0.248ns  (logic 0.128ns (51.688%)  route 0.120ns (48.312%))
  Logic Levels:           1  (FDRE=1)

    Location             Delay type                Incr(ns)  Path(ns)    Netlist Resource(s)
  -------------------------------------------------------------------    -------------------
    SLICE_X15Y44         FDRE                         0.000     0.000 r  SerRam/serdesser/inDes/data_3_reg[5]/C
    SLICE_X15Y44         FDRE (Prop_fdre_C_Q)         0.128     0.128 r  SerRam/serdesser/inDes/data_3_reg[5]/Q
                         net (fo=2, routed)           0.120     0.248    SerRam/buffer/x1_a_q/ram_ext/Memory_reg_0_1_72_77/DIC1
    SLICE_X12Y44         RAMD32                                       r  SerRam/buffer/x1_a_q/ram_ext/Memory_reg_0_1_72_77/RAMC_D1/I
  -------------------------------------------------------------------    -------------------

Slack:                    inf
  Source:                 SerRam/serdesser/outSer/data_reg[159]/C
                            (rising edge-triggered cell FDRE)
  Destination:            SerRam/serdesser/outSer/data_reg[151]/D
  Path Group:             (none)
  Path Type:              Min at Fast Process Corner
  Data Path Delay:        0.249ns  (logic 0.141ns (56.546%)  route 0.108ns (43.454%))
  Logic Levels:           1  (FDRE=1)

    Location             Delay type                Incr(ns)  Path(ns)    Netlist Resource(s)
  -------------------------------------------------------------------    -------------------
    SLICE_X11Y53         FDRE                         0.000     0.000 r  SerRam/serdesser/outSer/data_reg[159]/C
    SLICE_X11Y53         FDRE (Prop_fdre_C_Q)         0.141     0.141 r  SerRam/serdesser/outSer/data_reg[159]/Q
                         net (fo=1, routed)           0.108     0.249    SerRam/serdesser/outSer/data[159]
    SLICE_X9Y54          FDRE                                         r  SerRam/serdesser/outSer/data_reg[151]/D
  -------------------------------------------------------------------    -------------------

Slack:                    inf
  Source:                 SerRam/serdesser/inDes/data_3_reg[1]/C
                            (rising edge-triggered cell FDRE)
  Destination:            SerRam/buffer/x1_a_q/ram_ext/Memory_reg_0_1_72_77/RAMA_D1/I
  Path Group:             (none)
  Path Type:              Min at Fast Process Corner
  Data Path Delay:        0.251ns  (logic 0.141ns (56.190%)  route 0.110ns (43.810%))
  Logic Levels:           1  (FDRE=1)

    Location             Delay type                Incr(ns)  Path(ns)    Netlist Resource(s)
  -------------------------------------------------------------------    -------------------
    SLICE_X15Y44         FDRE                         0.000     0.000 r  SerRam/serdesser/inDes/data_3_reg[1]/C
    SLICE_X15Y44         FDRE (Prop_fdre_C_Q)         0.141     0.141 r  SerRam/serdesser/inDes/data_3_reg[1]/Q
                         net (fo=2, routed)           0.110     0.251    SerRam/buffer/x1_a_q/ram_ext/Memory_reg_0_1_72_77/DIA1
    SLICE_X12Y44         RAMD32                                       r  SerRam/buffer/x1_a_q/ram_ext/Memory_reg_0_1_72_77/RAMA_D1/I
  -------------------------------------------------------------------    -------------------

Slack:                    inf
  Source:                 SerRam/serdesser/inDes/data_4_reg[1]/C
                            (rising edge-triggered cell FDRE)
  Destination:            SerRam/buffer/x1_a_q/ram_ext/Memory_reg_0_1_78_83/RAMB_D1/I
  Path Group:             (none)
  Path Type:              Min at Fast Process Corner
  Data Path Delay:        0.253ns  (logic 0.141ns (55.757%)  route 0.112ns (44.243%))
  Logic Levels:           1  (FDRE=1)

    Location             Delay type                Incr(ns)  Path(ns)    Netlist Resource(s)
  -------------------------------------------------------------------    -------------------
    SLICE_X13Y39         FDRE                         0.000     0.000 r  SerRam/serdesser/inDes/data_4_reg[1]/C
    SLICE_X13Y39         FDRE (Prop_fdre_C_Q)         0.141     0.141 r  SerRam/serdesser/inDes/data_4_reg[1]/Q
                         net (fo=2, routed)           0.112     0.253    SerRam/buffer/x1_a_q/ram_ext/Memory_reg_0_1_78_83/DIB1
    SLICE_X14Y39         RAMD32                                       r  SerRam/buffer/x1_a_q/ram_ext/Memory_reg_0_1_78_83/RAMB_D1/I
  -------------------------------------------------------------------    -------------------

Slack:                    inf
  Source:                 SerRam/serdesser/inDes/data_3_reg[0]/C
                            (rising edge-triggered cell FDRE)
  Destination:            SerRam/buffer/x1_a_q/ram_ext/Memory_reg_0_1_72_77/RAMA/I
  Path Group:             (none)
  Path Type:              Min at Fast Process Corner
  Data Path Delay:        0.253ns  (logic 0.141ns (55.687%)  route 0.112ns (44.313%))
  Logic Levels:           1  (FDRE=1)

    Location             Delay type                Incr(ns)  Path(ns)    Netlist Resource(s)
  -------------------------------------------------------------------    -------------------
    SLICE_X15Y44         FDRE                         0.000     0.000 r  SerRam/serdesser/inDes/data_3_reg[0]/C
    SLICE_X15Y44         FDRE (Prop_fdre_C_Q)         0.141     0.141 r  SerRam/serdesser/inDes/data_3_reg[0]/Q
                         net (fo=2, routed)           0.112     0.253    SerRam/buffer/x1_a_q/ram_ext/Memory_reg_0_1_72_77/DIA0
    SLICE_X12Y44         RAMD32                                       r  SerRam/buffer/x1_a_q/ram_ext/Memory_reg_0_1_72_77/RAMA/I
  -------------------------------------------------------------------    -------------------

Slack:                    inf
  Source:                 SerRam/serdesser/inDes/data_5_reg[5]/C
                            (rising edge-triggered cell FDRE)
  Destination:            SerRam/buffer/x1_a_q/ram_ext/Memory_reg_0_1_90_95/RAMB_D1/I
  Path Group:             (none)
  Path Type:              Min at Fast Process Corner
  Data Path Delay:        0.254ns  (logic 0.128ns (50.467%)  route 0.126ns (49.533%))
  Logic Levels:           1  (FDRE=1)

    Location             Delay type                Incr(ns)  Path(ns)    Netlist Resource(s)
  -------------------------------------------------------------------    -------------------
    SLICE_X9Y43          FDRE                         0.000     0.000 r  SerRam/serdesser/inDes/data_5_reg[5]/C
    SLICE_X9Y43          FDRE (Prop_fdre_C_Q)         0.128     0.128 r  SerRam/serdesser/inDes/data_5_reg[5]/Q
                         net (fo=2, routed)           0.126     0.254    SerRam/buffer/x1_a_q/ram_ext/Memory_reg_0_1_90_95/DIB1
    SLICE_X8Y43          RAMD32                                       r  SerRam/buffer/x1_a_q/ram_ext/Memory_reg_0_1_90_95/RAMB_D1/I
  -------------------------------------------------------------------    -------------------

Slack:                    inf
  Source:                 SerRam/serdesser/inDes/data_7_reg[6]/C
                            (rising edge-triggered cell FDRE)
  Destination:            SerRam/buffer/x1_a_q/ram_ext/Memory_reg_0_1_108_113/RAMB/I
  Path Group:             (none)
  Path Type:              Min at Fast Process Corner
  Data Path Delay:        0.254ns  (logic 0.141ns (55.468%)  route 0.113ns (44.532%))
  Logic Levels:           1  (FDRE=1)

    Location             Delay type                Incr(ns)  Path(ns)    Netlist Resource(s)
  -------------------------------------------------------------------    -------------------
    SLICE_X5Y40          FDRE                         0.000     0.000 r  SerRam/serdesser/inDes/data_7_reg[6]/C
    SLICE_X5Y40          FDRE (Prop_fdre_C_Q)         0.141     0.141 r  SerRam/serdesser/inDes/data_7_reg[6]/Q
                         net (fo=2, routed)           0.113     0.254    SerRam/buffer/x1_a_q/ram_ext/Memory_reg_0_1_108_113/DIB0
    SLICE_X6Y40          RAMD32                                       r  SerRam/buffer/x1_a_q/ram_ext/Memory_reg_0_1_108_113/RAMB/I
  -------------------------------------------------------------------    -------------------





--------------------------------------------------------------------------------------
Path Group:  (none)
From Clock:  clk_out1_clk_wiz_0_1
  To Clock:  

Max Delay             1 Endpoint
Min Delay             1 Endpoint
--------------------------------------------------------------------------------------


Max Delay Paths
--------------------------------------------------------------------------------------
Slack:                    inf
  Source:                 clk_out_oddr/C
                            (falling edge-triggered cell ODDR clocked by clk_out1_clk_wiz_0_1  {rise@0.000ns fall@5.882ns period=11.765ns})
  Destination:            top_clk_to_asic
                            (output port)
  Path Group:             (none)
  Path Type:              Max at Slow Process Corner
  Data Path Delay:        4.009ns  (logic 4.008ns (99.975%)  route 0.001ns (0.025%))
  Logic Levels:           1  (OBUF=1)
  Clock Uncertainty:      0.345ns  ((TSJ^2 + DJ^2)^1/2) / 2 + PE
    Total System Jitter     (TSJ):    0.050ns
    Discrete Jitter          (DJ):    0.215ns
    Phase Error              (PE):    0.235ns

    Location             Delay type                Incr(ns)  Path(ns)    Netlist Resource(s)
  -------------------------------------------------------------------    -------------------
                         (clock clk_out1_clk_wiz_0_1 fall edge)
                                                      5.882     5.882 f  
    E3                                                0.000     5.882 f  top_sys_clock (IN)
                         net (fo=0)                   0.000     5.882    clk_wiz_0_clk_wiz/inst/clk_in1
    E3                   IBUF (Prop_ibuf_I_O)         1.489     7.371 f  clk_wiz_0_clk_wiz/inst/clkin1_ibufg/O
                         net (fo=1, routed)           1.233     8.604    clk_wiz_0_clk_wiz/inst/clk_in1_clk_wiz_0
    MMCME2_ADV_X1Y1      MMCME2_ADV (Prop_mmcme2_adv_CLKIN1_CLKOUT0)
                                                     -6.946     1.658 f  clk_wiz_0_clk_wiz/inst/mmcm_adv_inst/CLKOUT0
                         net (fo=1, routed)           1.661     3.319    clk_wiz_0_clk_wiz/inst/clk_out1_clk_wiz_0
    BUFGCTRL_X0Y16       BUFG (Prop_bufg_I_O)         0.096     3.415 f  clk_wiz_0_clk_wiz/inst/clkout1_buf/O
                         net (fo=12, routed)          1.681     5.096    PLL_clk_out1
    OLOGIC_X0Y4          ODDR                                         f  clk_out_oddr/C
  -------------------------------------------------------------------    -------------------
    OLOGIC_X0Y4          ODDR (Prop_oddr_C_Q)         0.472     5.568 r  clk_out_oddr/Q
                         net (fo=1, routed)           0.001     5.569    top_clk_to_asic_OBUF
    T13                  OBUF (Prop_obuf_I_O)         3.536     9.105 r  top_clk_to_asic_OBUF_inst/O
                         net (fo=0)                   0.000     9.105    top_clk_to_asic
    T13                                                               r  top_clk_to_asic (OUT)
  -------------------------------------------------------------------    -------------------





Min Delay Paths
--------------------------------------------------------------------------------------
Slack:                    inf
  Source:                 clk_out_oddr/C
                            (rising edge-triggered cell ODDR clocked by clk_out1_clk_wiz_0_1  {rise@0.000ns fall@5.882ns period=11.765ns})
  Destination:            top_clk_to_asic
                            (output port)
  Path Group:             (none)
  Path Type:              Min at Fast Process Corner
  Data Path Delay:        1.415ns  (logic 1.414ns (99.929%)  route 0.001ns (0.071%))
  Logic Levels:           1  (OBUF=1)
  Clock Uncertainty:      0.345ns  ((TSJ^2 + DJ^2)^1/2) / 2 + PE
    Total System Jitter     (TSJ):    0.050ns
    Discrete Jitter          (DJ):    0.215ns
    Phase Error              (PE):    0.235ns

    Location             Delay type                Incr(ns)  Path(ns)    Netlist Resource(s)
  -------------------------------------------------------------------    -------------------
                         (clock clk_out1_clk_wiz_0_1 rise edge)
                                                      0.000     0.000 r  
    E3                                                0.000     0.000 r  top_sys_clock (IN)
                         net (fo=0)                   0.000     0.000    clk_wiz_0_clk_wiz/inst/clk_in1
    E3                   IBUF (Prop_ibuf_I_O)         0.257     0.257 r  clk_wiz_0_clk_wiz/inst/clkin1_ibufg/O
                         net (fo=1, routed)           0.440     0.697    clk_wiz_0_clk_wiz/inst/clk_in1_clk_wiz_0
    MMCME2_ADV_X1Y1      MMCME2_ADV (Prop_mmcme2_adv_CLKIN1_CLKOUT0)
                                                     -2.356    -1.659 r  clk_wiz_0_clk_wiz/inst/mmcm_adv_inst/CLKOUT0
                         net (fo=1, routed)           0.486    -1.173    clk_wiz_0_clk_wiz/inst/clk_out1_clk_wiz_0
    BUFGCTRL_X0Y16       BUFG (Prop_bufg_I_O)         0.026    -1.147 r  clk_wiz_0_clk_wiz/inst/clkout1_buf/O
                         net (fo=12, routed)          0.590    -0.557    PLL_clk_out1
    OLOGIC_X0Y4          ODDR                                         r  clk_out_oddr/C
  -------------------------------------------------------------------    -------------------
    OLOGIC_X0Y4          ODDR (Prop_oddr_C_Q)         0.177    -0.380 r  clk_out_oddr/Q
                         net (fo=1, routed)           0.001    -0.379    top_clk_to_asic_OBUF
    T13                  OBUF (Prop_obuf_I_O)         1.237     0.857 r  top_clk_to_asic_OBUF_inst/O
                         net (fo=0)                   0.000     0.857    top_clk_to_asic
    T13                                                               r  top_clk_to_asic (OUT)
  -------------------------------------------------------------------    -------------------





--------------------------------------------------------------------------------------
Path Group:  (none)
From Clock:  clkfbout_clk_wiz_0_1
  To Clock:  

Max Delay             1 Endpoint
Min Delay             1 Endpoint
--------------------------------------------------------------------------------------


Max Delay Paths
--------------------------------------------------------------------------------------
Slack:                    inf
  Source:                 clk_wiz_0_clk_wiz/inst/mmcm_adv_inst/CLKFBOUT
                            (clock source 'clkfbout_clk_wiz_0_1'  {rise@0.000ns fall@20.000ns period=40.000ns})
  Destination:            clk_wiz_0_clk_wiz/inst/mmcm_adv_inst/CLKFBIN
  Path Group:             (none)
  Path Type:              Max at Fast Process Corner
  Data Path Delay:        1.371ns  (logic 0.029ns (2.115%)  route 1.342ns (97.885%))
  Logic Levels:           1  (BUFG=1)
  Clock Uncertainty:      0.312ns  ((TSJ^2 + DJ^2)^1/2) / 2 + PE
    Total System Jitter     (TSJ):    0.050ns
    Discrete Jitter          (DJ):    0.146ns
    Phase Error              (PE):    0.235ns

    Location             Delay type                Incr(ns)  Path(ns)    Netlist Resource(s)
  -------------------------------------------------------------------    -------------------
                         (clock clkfbout_clk_wiz_0_1 fall edge)
                                                     20.000    20.000 f  
    E3                                                0.000    20.000 f  top_sys_clock (IN)
                         net (fo=0)                   0.000    20.000    clk_wiz_0_clk_wiz/inst/clk_in1
    E3                   IBUF (Prop_ibuf_I_O)         0.445    20.445 f  clk_wiz_0_clk_wiz/inst/clkin1_ibufg/O
                         net (fo=1, routed)           0.480    20.925    clk_wiz_0_clk_wiz/inst/clk_in1_clk_wiz_0
  -------------------------------------------------------------------    -------------------
    MMCME2_ADV_X1Y1      MMCME2_ADV (Prop_mmcme2_adv_CLKIN1_CLKFBOUT)
                                                     -3.138    17.787 f  clk_wiz_0_clk_wiz/inst/mmcm_adv_inst/CLKFBOUT
                         net (fo=1, routed)           0.530    18.316    clk_wiz_0_clk_wiz/inst/clkfbout_clk_wiz_0
    BUFGCTRL_X0Y17       BUFG (Prop_bufg_I_O)         0.029    18.345 f  clk_wiz_0_clk_wiz/inst/clkf_buf/O
                         net (fo=1, routed)           0.813    19.158    clk_wiz_0_clk_wiz/inst/clkfbout_buf_clk_wiz_0
    MMCME2_ADV_X1Y1      MMCME2_ADV                                   f  clk_wiz_0_clk_wiz/inst/mmcm_adv_inst/CLKFBIN
  -------------------------------------------------------------------    -------------------





Min Delay Paths
--------------------------------------------------------------------------------------
Slack:                    inf
  Source:                 clk_wiz_0_clk_wiz/inst/mmcm_adv_inst/CLKFBOUT
                            (clock source 'clkfbout_clk_wiz_0_1'  {rise@0.000ns fall@20.000ns period=40.000ns})
  Destination:            clk_wiz_0_clk_wiz/inst/mmcm_adv_inst/CLKFBIN
  Path Group:             (none)
  Path Type:              Min at Slow Process Corner
  Data Path Delay:        3.116ns  (logic 0.091ns (2.921%)  route 3.025ns (97.079%))
  Logic Levels:           1  (BUFG=1)
  Clock Uncertainty:      0.312ns  ((TSJ^2 + DJ^2)^1/2) / 2 + PE
    Total System Jitter     (TSJ):    0.050ns
    Discrete Jitter          (DJ):    0.146ns
    Phase Error              (PE):    0.235ns

    Location             Delay type                Incr(ns)  Path(ns)    Netlist Resource(s)
  -------------------------------------------------------------------    -------------------
                         (clock clkfbout_clk_wiz_0_1 rise edge)
                                                      0.000     0.000 r  
    E3                                                0.000     0.000 r  top_sys_clock (IN)
                         net (fo=0)                   0.000     0.000    clk_wiz_0_clk_wiz/inst/clk_in1
    E3                   IBUF (Prop_ibuf_I_O)         1.418     1.418 r  clk_wiz_0_clk_wiz/inst/clkin1_ibufg/O
                         net (fo=1, routed)           1.162     2.580    clk_wiz_0_clk_wiz/inst/clk_in1_clk_wiz_0
  -------------------------------------------------------------------    -------------------
    MMCME2_ADV_X1Y1      MMCME2_ADV (Prop_mmcme2_adv_CLKIN1_CLKFBOUT)
                                                     -7.204    -4.624 r  clk_wiz_0_clk_wiz/inst/mmcm_adv_inst/CLKFBOUT
                         net (fo=1, routed)           1.581    -3.043    clk_wiz_0_clk_wiz/inst/clkfbout_clk_wiz_0
    BUFGCTRL_X0Y17       BUFG (Prop_bufg_I_O)         0.091    -2.952 r  clk_wiz_0_clk_wiz/inst/clkf_buf/O
                         net (fo=1, routed)           1.444    -1.508    clk_wiz_0_clk_wiz/inst/clkfbout_buf_clk_wiz_0
    MMCME2_ADV_X1Y1      MMCME2_ADV                                   r  clk_wiz_0_clk_wiz/inst/mmcm_adv_inst/CLKFBIN
  -------------------------------------------------------------------    -------------------





